UID,sulfur,S%,carbon,nitrogen,wt %N,wt %C,site,type,species,max_length,id
AR_Aquatic_AV_NA_1,4.34,0.34,-29.03167349,13.30232569,4.57,39.08,AR,Aquatic,AV,"NA",1
AR_Aquatic_AV_NA_2,2.96,0.31,-31.61253847,15.80873554,5.73,40.81,AR,Aquatic,AV,"NA",2
AR_Aquatic_AV_NA_3,4.14,0.38,-30.26206219,7.98526452,2.95,32.16,AR,Aquatic,AV,"NA",3
AR_Aquatic_FA_NA_1,2.39,0.25,-28.64105367,10.80571763,1.31,16.53,AR,Aquatic,FA,"NA",1
AR_Aquatic_FA_NA_2,2.36,0.29,-29.70649323,11.59253881,1.61,19.57,AR,Aquatic,FA,"NA",2
AR_Aquatic_FA_NA_3,2.23,0.26,-28.52092935,10.94674699,1.31,14.72,AR,Aquatic,FA,"NA",3
AR_Aquatic_PERIPHYTON_NA_1,4.25,0.22,-22.97621251,9.612642874,1.15,12.22,AR,Aquatic,PERIPHYTON,"NA",1
BB_Aquatic_AV_NA_3,18.86,1.74,-21.79792417,8.691688155,2.01,34.43,BB,Aquatic,AV,"NA",3
BB_Aquatic_AV_NA_1,17.42,0.24,-12.12476895,5.630198444,1.05,33.04,BB,Aquatic,AV,"NA",1
BB_Aquatic_AV_NA_2,13.2,0.36,-14.33621201,8.156956231,1.04,45.48,BB,Aquatic,AV,"NA",2
BB_Aquatic_FA_NA_1,19.74,3.44,NA,NA,NA,NA,BB,Aquatic,FA,"NA",1
BB_Aquatic_FA_NA_2,16.58,0.37,-15.35775736,6.251369523,0.4,4.41,BB,Aquatic,FA,"NA",2
BB_Aquatic_FA_NA_3,17.72,2.84,-19.73993886,6.729815865,1.95,29.18,BB,Aquatic,FA,"NA",3
CB_Aquatic_AV_NA_1,11.9,0.23,-13.97289624,9.67247898,1.18,37.75,CB,Aquatic,AV,"NA",1
CB_Aquatic_AV_NA_2,17.65,0.45,-13.96271933,12.5716251,1.49,42.41,CB,Aquatic,AV,"NA",2
CB_Aquatic_AV_NA_4,17,0.6,-25.73435388,9.783850511,2.2,40.12,CB,Aquatic,AV,"NA",4
CB_Aquatic_AV_NA_5,17.78,0.45,NA,NA,NA,NA,CB,Aquatic,AV,"NA",5
CB_Aquatic_AV_NA_3,14.24,0.38,-24.46834598,9.000522968,2.88,41.43,CB,Aquatic,AV,"NA",3
CB_Aquatic_FA_NA_1,19.88,2.26,-23.18526832,6.730267941,1.79,26.73,CB,Aquatic,FA,"NA",1
EMC_Aquatic_AV_NA_1,8.2,0.3,-27.80421417,9.836733114,4.9,36.75,EMC,Aquatic,AV,"NA",1
EMC_Aquatic_AV_NA_1,8.2,0.3,-27.90041737,9.859933016,3.25,27.95,EMC,Aquatic,AV,"NA",1
EMC_Aquatic_PERIPHYTON_NA_1,8.9,0.17,-20.83410187,12.05195158,0.53,5.13,EMC,Aquatic,PERIPHYTON,"NA",1
EMC_Aquatic_PERIPHYTON_NA_2,9.36,0.22,-21.49446709,5.717257517,0.23,1.31,EMC,Aquatic,PERIPHYTON,"NA",2
GC_Aquatic_AV_NA_2,5.27,0.26,-29.03600109,14.54739335,3.91,39.27,GC,Aquatic,AV,"NA",2
GC_Aquatic_AV_NA_3,4.89,0.28,-30.16981657,18.14285949,4.05,37.68,GC,Aquatic,AV,"NA",3
GC_Aquatic_AV_NA_1,2.93,0.24,-29.25847794,10.43565564,2.52,39.84,GC,Aquatic,AV,"NA",1
GC_Aquatic_AV_NA_4,5.43,0.36,-33.083446790000004,16.31697036,4.84,42.1,GC,Aquatic,AV,"NA",4
GC_Aquatic_FA_NA_1,4.42,0.32,-30.99944614,10.81228604,1.1,13.82,GC,Aquatic,FA,"NA",1
GC_Aquatic_FA_NA_2,4.9,0.33,-31.40402174,7.587024557,1.17,13.94,GC,Aquatic,FA,"NA",2
GC_Aquatic_PERIPHYTON_NA_1,11.29,1.53,-23.41136058,12.95735289,2.31,21.91,GC,Aquatic,PERIPHYTON,"NA",1
HB_Aquatic_AV_NA_1,13.59,0.26,-13.40604222,13.54481049,1.31,42.69,HB,Aquatic,AV,"NA",1
HB_Aquatic_FA_NA_1,17.41,0.55,-19.74197993,14.98262465,1.02,13.87,HB,Aquatic,FA,"NA",1
HB_Aquatic_FA_NA_2,19.99,1.02,-13.60141494,14.80400805,0.69,7.95,HB,Aquatic,FA,"NA",2
LB_Aquatic_AV_NA_1,9.87,0.3,-13.04679721,9.095896953,2.38,44.44,LB,Aquatic,AV,"NA",1
LB_Aquatic_AV_NA_2,17.97,0.52,-27.3921729,6.336044017,2.12,38.81,LB,Aquatic,AV,"NA",2
LB_Aquatic_FA_NA_1,17.16,1.21,-17.50292399,7.723470613,1.56,12.01,LB,Aquatic,FA,"NA",1
LNR_Aquatic_AV_NA_1,10.96,0.28,-28.82711755,9.26000324,3.67,38.42,LNR,Aquatic,AV,"NA",1
LNR_Aquatic_AV_NA_2,13.15,0.51,-27.8572578,5.227661536,1.98,27.61,LNR,Aquatic,AV,"NA",2
LNR_Aquatic_AV_NA_3,12.05,0.5,-13.65842965,8.265059309,2.66,38.62,LNR,Aquatic,AV,"NA",3
LNR_Aquatic_AV_NA_4,11.79,0.45,-30.73630631,7.253549776,5.11,38.18,LNR,Aquatic,AV,"NA",4
LNR_Aquatic_AV_NA_5,11.05,0.39,-30.20507148,6.611684002,2.85,31.71,LNR,Aquatic,AV,"NA",5
LNR_Aquatic_AV_NA_6,10.5,0.51,-28.67899612,9.393155596,3.5,38.45,LNR,Aquatic,AV,"NA",6
LNR_Aquatic_AV_NA_7,9.58,0.46,NA,NA,NA,NA,LNR,Aquatic,AV,"NA",7
LNR_Aquatic_FA_NA_1,10.4,0.3,-20.54003906,9.650935325,1.61,14.32,LNR,Aquatic,FA,"NA",1
LNR_Aquatic_FA_NA_2,14.02,1.15,-21.17889459,9.415752914,2.78,25.71,LNR,Aquatic,FA,"NA",2
LNR_Aquatic_PERIPHYTON_NA_1,13.77,0.14,-20.93804825,5.444497226,2.08,18.22,LNR,Aquatic,PERIPHYTON,"NA",1
LNR_Aquatic_PERIPHYTON_NA_2,10.8,0.21,-12.09751076,5.862991367,1.03,13.58,LNR,Aquatic,PERIPHYTON,"NA",2
LNR_Aquatic_PERIPHYTON_NA_3,17.18,0.91,-14.64012068,9.166116255,0.83,11.4,LNR,Aquatic,PERIPHYTON,"NA",3
LNR_Aquatic_PERIPHYTON_NA_4,10.03,0.16,-10.14087306,2.99641971,1.2,15.63,LNR,Aquatic,PERIPHYTON,"NA",4
MR_Aquatic_AV_NA_1,9.67,0.12,-31.9341289,0.882957742,3.2,36.43,MR,Aquatic,AV,"NA",1
MR_Aquatic_AV_NA_2,8.87,0.41,-29.88856951,1.107280755,2.62,37.94,MR,Aquatic,AV,"NA",2
MR_Aquatic_AV_NA_3,8.81,0.34,-28.88207287,3.331823137,1.2,21.37,MR,Aquatic,AV,"NA",3
MR_Aquatic_FA_NA_1,12.34,0.27,-27.82399532,9.4092964,0.65,6.91,MR,Aquatic,FA,"NA",1
MR_Aquatic_FA_NA_2,10.12,0.26,-31.601683,5.497516954,4.64,44.2,MR,Aquatic,FA,"NA",2
MR_Aquatic_PERIPHYTON_NA_1,14.54,0.6,-23.7812874,9.738415467,1,12.85,MR,Aquatic,PERIPHYTON,"NA",1
NB_Aquatic_AV_NA_2,7.72,0.27,-23.6063615,8.913362121,1.58,39.4,NB,Aquatic,AV,"NA",2
NB_Aquatic_AV_NA_3,9.74,0.23,-14.77076617,5.082697783,0.85,42.14,NB,Aquatic,AV,"NA",3
NB_Aquatic_AV_NA_1,-5.75,0.43,-28.08522064,5.162902427,2.03,47.29,NB,Aquatic,AV,"NA",1
NB_Aquatic_AV_NA_4,5.88,0.47,-27.21509463,8.565032878,1.16,41.95,NB,Aquatic,AV,"NA",4
NB_Aquatic_FA_NA_1,18.57,2.02,-23.46489518,7.933482296,1.51,16.88,NB,Aquatic,FA,"NA",1
NB_Aquatic_FA_NA_2,19.35,2.68,-23.74555944,8.618343145,2.06,25.71,NB,Aquatic,FA,"NA",2
PDC_Aquatic_AV_NA_1,8.41,0.18,-29.57919137,6.828263576,3.1,41.45,PDC,Aquatic,AV,"NA",1
PDC_Aquatic_AV_NA_2,10.88,0.29,-27.91424851,5.438973788,1.1,34.77,PDC,Aquatic,AV,"NA",2
PDC_Aquatic_FA_NA_1,10.09,0.26,-23.37887884,3.34869422,0.8,14.42,PDC,Aquatic,FA,"NA",1
PDC_Aquatic_PERIPHYTON_NA_1,9.1,0.1,-27.29508259,2.924323044,1.1,31.72,PDC,Aquatic,PERIPHYTON,"NA",1
PLC_Aquatic_FA_NA_1,12.43,0.42,-25.39347533,11.1712233,1.55,15.73,PLC,Aquatic,FA,"NA",1
PLC_Aquatic_FA_NA_2,12.48,0.39,-25.72365794,10.66378194,1.49,16.58,PLC,Aquatic,FA,"NA",2
PLC_Aquatic_PERIPHYTON_NA_1,4.11,0.42,-20.51411008,10.89635989,0.81,10.51,PLC,Aquatic,PERIPHYTON,"NA",1
SFC_Aquatic_AV_NA_1,-1.54,0.34,-30.13281541,24.70130926,5.6,40.02,SFC,Aquatic,AV,"NA",1
SFC_Aquatic_PERIPHYTON_NA_1,12.94,0.19,-15.1578144,13.23234644,0.7,11.44,SFC,Aquatic,PERIPHYTON,"NA",1
TRC_Aquatic_FA_NA_1,9.06,0.32,-18.71532073,15.06583208,1.27,14.09,TRC,Aquatic,FA,"NA",1
TRC_Aquatic_PERIPHYTON_NA_1,11.89,1.16,-25.57996736,9.94813468,0.64,4.72,TRC,Aquatic,PERIPHYTON,"NA",1
UNR_Aquatic_AV_NA_1,8.52,0.44,-29.4367146,11.36871251,2.39,31.97,UNR,Aquatic,AV,"NA",1
UNR_Aquatic_AV_NA_2,5.31,0.34,-30.19082381,8.842699104,1.22,7.74,UNR,Aquatic,AV,"NA",2
UNR_Aquatic_AV_NA_3,8.63,0.33,-29.563926,8.824673619,3.34,39.63,UNR,Aquatic,AV,"NA",3
UNR_Aquatic_AV_NA_4,4.34,0.45,-30.21728378,11.76011406,1.19,37.93,UNR,Aquatic,AV,"NA",4
UNR_Aquatic_AV_NA_5,3.46,0.36,-18.39680005,7.551479358,1.72,33.87,UNR,Aquatic,AV,"NA",5
UNR_Aquatic_AV_NA_6,6.93,0.18,NA,NA,NA,NA,UNR,Aquatic,AV,"NA",6
UNR_Aquatic_FA_NA_1,7.74,0.2,-19.82566388,7.507009959,1,9.59,UNR,Aquatic,FA,"NA",1
UNR_Aquatic_PERIPHYTON_NA_1,7.38,0.33,-14.83184245,9.58585542,0.93,13.54,UNR,Aquatic,PERIPHYTON,"NA",1
UNR_Aquatic_PERIPHYTON_NA_2,9.08,0.32,-20.24497736,9.31447513,0.84,11.71,UNR,Aquatic,PERIPHYTON,"NA",2
UNR_Aquatic_PERIPHYTON_NA_3,11.06,0.18,-11.16136871,7.113156542,0.85,14.55,UNR,Aquatic,PERIPHYTON,"NA",3
UNR_Aquatic_PERIPHYTON_NA_4,8.61,0.32,-26.3763369,9.083994007,0.6,5.02,UNR,Aquatic,PERIPHYTON,"NA",4
WMC_Aquatic_AV_NA_1,8.79,0.18,-26.54691384,7.111344004,1.81,43.64,WMC,Aquatic,AV,"NA",1
WMC_Aquatic_AV_NA_2,5.19,0.19,-31.67816875,10.78657647,3.91,35.35,WMC,Aquatic,AV,"NA",2
WMC_Aquatic_AV_NA_3,7.72,0.26,-29.23500561,8.29566589,2.28,31.52,WMC,Aquatic,AV,"NA",3
AR_Detritus_CPOM_NA_1,4.59,0.26,-21.14725517,8.43785685,1.56,37.51,AR,Detritus,CPOM,"NA",1
AR_Detritus_CPOM_NA_2,4.58,0.25,-28.26390102,11.12605914,1.21,47.11,AR,Detritus,CPOM,"NA",2
AR_Detritus_CPOM_NA_3,3.8,0.29,-28.82602946,7.073647898,1.25,47.98,AR,Detritus,CPOM,"NA",3
AR_Detritus_CPOM_NA_4,3.47,0.26,-29.68501295,10.15601322,1.75,36.34,AR,Detritus,CPOM,"NA",4
AR_Detritus_CPOM_NA_5,2.99,0.19,-29.874315,11.53185444,2.51,46.59,AR,Detritus,CPOM,"NA",5
AR_Detritus_CPOM_NA_6,4.81,0.27,-29.16392344,9.624916467,1.81,30.57,AR,Detritus,CPOM,"NA",6
AR_Detritus_CPOM_NA_7,3.17,0.17,NA,NA,NA,NA,AR,Detritus,CPOM,"NA",7
BB_Detritus_CPOM_NA_1,10.34,0.57,-13.88236293,4.850056007,2.24,33.56,BB,Detritus,CPOM,"NA",1
BB_Detritus_CPOM_NA_2,4.69,0.42,-15.12198602,6.474410426,2.12,38.02,BB,Detritus,CPOM,"NA",2
CB_Detritus_CPOM_NA_1,9.15,0.41,-13.24321408,4.280880616,2.52,30.73,CB,Detritus,CPOM,"NA",1
CB_Detritus_CPOM_NA_2,12.77,0.46,-13.02032618,4.394114452,1.37,30.81,CB,Detritus,CPOM,"NA",2
EMC_Detritus_CPOM_NA_1,4.74,0.2,-30.29261146,7.524579106,1.28,41.75,EMC,Detritus,CPOM,"NA",1
EMC_Detritus_CPOM_NA_2,6.53,0.17,-28.52986336,4.570478658,1.17,46.67,EMC,Detritus,CPOM,"NA",2
EMC_Detritus_CPOM_NA_3,5.22,0.26,-28.49729526,4.394114452,1.02,47.17,EMC,Detritus,CPOM,"NA",3
GC_Detritus_CPOM_NA_6,1.24,0.26,-28.78531935,2.212609474,0.55,43.18,GC,Detritus,CPOM,"NA",6
GC_Detritus_CPOM_NA_3,-0.13,0.14,-30.4432389,3.524318255,0.48,45.45,GC,Detritus,CPOM,"NA",3
GC_Detritus_CPOM_NA_4,9.33,0.17,-29.44787652,2.576360649,2.03,42.29,GC,Detritus,CPOM,"NA",4
GC_Detritus_CPOM_NA_5,-0.59,0.14,-27.57521109,2.679573792,1.01,45.41,GC,Detritus,CPOM,"NA",5
GC_Detritus_CPOM_NA_1,-0.93,0.27,-28.55632493,4.934229833,1.4,44.98,GC,Detritus,CPOM,"NA",1
GC_Detritus_CPOM_NA_2,-0.84,0.2,-28.33954356,2.023218367,1.24,42.43,GC,Detritus,CPOM,"NA",2
GC_Detritus_CPOM_NA_7,-3.2,0.13,-31.57803344,10.85144935,2.53,43.1,GC,Detritus,CPOM,"NA",7
HB_Detritus_CPOM_NA_1,13.94,0.49,-13.13635002,12.1120526,0.74,39.26,HB,Detritus,CPOM,"NA",1
HB_Detritus_CPOM_NA_2,14.17,0.28,-18.56199098,11.64108,1.79,26.68,HB,Detritus,CPOM,"NA",2
HB_Detritus_CPOM_NA_3,15.04,0.32,-18.46937547,14.45990109,0.81,6.33,HB,Detritus,CPOM,"NA",3
HB_Detritus_CPOM_NA_4,15.06,0.53,-17.6338003,7.847245437,1.83,32.67,HB,Detritus,CPOM,"NA",4
LB_Detritus_CPOM_NA_1,9.57,0.61,-25.557007,5.190759587,0.9,39.81,LB,Detritus,CPOM,"NA",1
LB_Detritus_CPOM_NA_2,10.05,0.32,-15.49346585,6.796074688,0.82,17.01,LB,Detritus,CPOM,"NA",2
LB_Detritus_CPOM_NA_3,11.74,0.78,NA,NA,NA,NA,LB,Detritus,CPOM,"NA",3
LNR_Detritus_CPOM_NA_1,1.55,0.59,-27.41644163,6.898285762,1.06,43.68,LNR,Detritus,CPOM,"NA",1
LNR_Detritus_CPOM_NA_2,1.72,0.41,-25.70661668,5.04746367,1.77,40.23,LNR,Detritus,CPOM,"NA",2
LNR_Detritus_CPOM_NA_3,3.61,0.54,-28.14108173,5.317020325,1.73,41.43,LNR,Detritus,CPOM,"NA",3
MR_Detritus_CPOM_NA_2,6.71,0.17,-27.118240019999998,11.987796,1.94,27.54,MR,Detritus,CPOM,"NA",2
MR_Detritus_CPOM_NA_3,4.96,0.28,-25.58753958,10.3464064,1.44,9.6,MR,Detritus,CPOM,"NA",3
MR_Detritus_CPOM_NA_1,1.1,0.26,-29.441770000000002,3.386032685,0.89,44.9,MR,Detritus,CPOM,"NA",1
NB_Detritus_CPOM_NA_1,12.85,0.64,-14.84006845,5.532465236,2.22,29.94,NB,Detritus,CPOM,"NA",1
NB_Detritus_CPOM_NA_2,6.5,0.79,-15.97995176,6.295040012,2.02,29.01,NB,Detritus,CPOM,"NA",2
PLC_Detritus_CPOM_NA_1,5.13,0.62,-29.39393561,7.026550639,1.21,37.13,PLC,Detritus,CPOM,"NA",1
PLC_Detritus_CPOM_NA_2,5.8,0.23,-27.41193943,1.142743269,1.44,45.48,PLC,Detritus,CPOM,"NA",2
SFC_Detritus_CPOM_NA_1,1.61,0.24,-24.73713714,11.79565224,1.06,11.14,SFC,Detritus,CPOM,"NA",1
SFC_Detritus_CPOM_NA_2,1.62,0.24,-28.94824657,12.51125832,1.74,24.85,SFC,Detritus,CPOM,"NA",2
TRC_Detritus_CPOM_NA_1,9.85,0.6,-28.19834867,9.469332343,2.56,42.38,TRC,Detritus,CPOM,"NA",1
TRC_Detritus_CPOM_NA_2,9.38,0.35,-31.68672297,9.427558199,1.36,40.21,TRC,Detritus,CPOM,"NA",2
TRC_Detritus_CPOM_NA_3,7.79,0.24,-29.91354233,2.680861121,0.97,42.53,TRC,Detritus,CPOM,"NA",3
UNR_Detritus_CPOM_NA_4,4.25,0.29,-26.66922141,8.176529627,1.54,25.55,UNR,Detritus,CPOM,"NA",4
UNR_Detritus_CPOM_NA_3,5.78,0.24,-26.79131204,6.426602157,2.31,47.33,UNR,Detritus,CPOM,"NA",3
UNR_Detritus_CPOM_NA_2,5.93,0.22,-28.76918031,10.1720082,1.27,28.38,UNR,Detritus,CPOM,"NA",2
UNR_Detritus_CPOM_NA_5,1.19,0.31,-28.92993297,10.89964127,1.42,37.35,UNR,Detritus,CPOM,"NA",5
UNR_Detritus_CPOM_NA_6,4.14,0.51,NA,NA,NA,NA,UNR,Detritus,CPOM,"NA",6
UNR_Detritus_CPOM_NA_1,4.05,0.34,-27.65408585,5.311098564,1.52,46.57,UNR,Detritus,CPOM,"NA",1
WMC_Detritus_CPOM_NA_1,4.22,0.27,-28.2218073,6.498764115,1.57,43.47,WMC,Detritus,CPOM,"NA",1
WMC_Detritus_CPOM_NA_2,1.01,0.32,-27.58998827,4.204615216,1.16,43.18,WMC,Detritus,CPOM,"NA",2
AR_Fish_HCY_40_1,2.55,0.82,-27.85101853,21.88745179,12.61,42.29,AR,Fish,HCY,40,1
AR_Fish_HCY_80_1,3.92,0.97,-25.26300104,20.16069055,14.92,47.86,AR,Fish,HCY,80,1
AR_Fish_HCY_120_1,3.92,0.92,-26.15469258,19.12028795,14.47,47.56,AR,Fish,HCY,120,1
AR_Fish_IPU_120_1,4.48,0.82,-26.68423595,19.78999007,13.09,44.62,AR,Fish,IPU,120,1
AR_Fish_LAU_80_1,1.48,0.91,-27.91808614,19.34192656,15.01,48.43,AR,Fish,LAU,80,1
AR_Fish_LAU_80_2,3.9,0.89,-25.97568831,18.57222829,14.81,47.44,AR,Fish,LAU,80,2
AR_Fish_LAU_120_1,4.86,0.92,-24.26932158,15.57834449,16.68,52.08,AR,Fish,LAU,120,1
AR_Fish_LAU_120_2,4.51,0.93,-25.45367858,17.34500169,20.7,64.96,AR,Fish,LAU,120,2
AR_Fish_LCY_80_1,2.3,0.97,-27.13828823,21.15730335,14.39,46.96,AR,Fish,LCY,80,1
AR_Fish_LCY_80_2,5.53,1.07,-23.43594741,16.81949463,15.05,47.94,AR,Fish,LCY,80,2
AR_Fish_LCY_120_1,4.6,0.94,-25.21323693,20.57543881,14.8,47.37,AR,Fish,LCY,120,1
AR_Fish_LCY_120_2,6.12,1.02,-23.44813454,15.40672681,14.62,47.87,AR,Fish,LCY,120,2
AR_Fish_LMA_40_1,4.62,0.65,NA,NA,NA,NA,AR,Fish,LMA,40,1
AR_Fish_LMA_40_2,4.46,0.84,NA,NA,NA,NA,AR,Fish,LMA,40,2
AR_Fish_LMA_40_3,4.79,0.77,NA,NA,NA,NA,AR,Fish,LMA,40,3
AR_Fish_LMA_40_4,4.98,0.81,NA,NA,NA,NA,AR,Fish,LMA,40,4
AR_Fish_LMA_40_5,4.45,0.7,NA,NA,NA,NA,AR,Fish,LMA,40,5
AR_Fish_LMA_80_1,4.1,1.01,-24.92277705,18.58646354,15.17,49.99,AR,Fish,LMA,80,1
AR_Fish_LMA_80_2,4.23,1.03,-25.7961879,19.60769285,14.39,46.32,AR,Fish,LMA,80,2
AR_Fish_LMA_80_3,4.16,1.01,NA,NA,NA,NA,AR,Fish,LMA,80,3
AR_Fish_LMA_120_1,4.78,1,-24.7988477,18.18687344,14.23,48.62,AR,Fish,LMA,120,1
AR_Fish_LMA_120_2,4.37,1.02,-25.19995081,19.57961262,14.85,48.76,AR,Fish,LMA,120,2
AR_Fish_LMA_120_3,4.06,1.06,-24.36826271,19.00121181,14.61,48.76,AR,Fish,LMA,120,3
AR_Fish_LMA_120_4,4.78,0.92,-24.60591171,17.75091228,14.94,48.68,AR,Fish,LMA,120,4
AR_Fish_LMA_120_5,4.23,0.97,NA,NA,NA,NA,AR,Fish,LMA,120,5
AR_Fish_LME_40_1,2.41,0.77,-26.48272945,18.47041475,10.51,38.05,AR,Fish,LME,40,1
AR_Fish_LME_40_2,1.7,0.98,-27.49527668,19.29183833,12.9,43.94,AR,Fish,LME,40,2
AR_Fish_LME_40_3,2.5,0.86,-27.8388003,20.53677775,12.83,42.02,AR,Fish,LME,40,3
AR_Fish_LME_40_4,1.97,0.87,NA,NA,NA,NA,AR,Fish,LME,40,4
AR_Fish_LME_80_1,4.09,1,-26.92451285,18.94873757,15.09,49.27,AR,Fish,LME,80,1
AR_Fish_LME_80_2,3.64,0.9,-25.28839089,19.78126147,14.67,49.36,AR,Fish,LME,80,2
AR_Fish_LME_80_3,1.99,0.99,-24.66816864,20.19584068,12.95,42.67,AR,Fish,LME,80,3
AR_Fish_LME_80_4,4.51,1.04,-25.6255681,18.5440805,13.14,45.16,AR,Fish,LME,80,4
EMC_Fish_LCY_80_1,7,0.85,-25.03105764,16.33763548,13.22,43.14,EMC,Fish,LCY,80,1
EMC_Fish_LCY_80_2,7.87,0.87,-24.40883741,14.96970648,13.67,44.98,EMC,Fish,LCY,80,2
EMC_Fish_LCY_80_3,8.18,0.91,-25.35978124,17.24017492,13.54,43.72,EMC,Fish,LCY,80,3
EMC_Fish_LGU_40_1,7.01,0.92,-27.7490704,16.89906889,15.26,47.85,EMC,Fish,LGU,40,1
EMC_Fish_LGU_120_1,8.04,0.97,NA,NA,NA,NA,EMC,Fish,LGU,120,1
EMC_Fish_LMA_40_1,8.94,0.87,-27.55354456,17.23954461,13.38,44,EMC,Fish,LMA,40,1
EMC_Fish_LMA_40_2,8.62,0.77,-28.47414536,16.64295884,10.64,36.36,EMC,Fish,LMA,40,2
EMC_Fish_LMA_40_3,8.58,0.85,-27.68796858,17.32290592,12.92,42.16,EMC,Fish,LMA,40,3
EMC_Fish_LME_40_1,8.42,0.87,-26.08054522,17.70138702,13.93,44.66,EMC,Fish,LME,40,1
EMC_Fish_LME_40_2,7.9,0.92,-25.19078856,17.08239183,14.03,45.19,EMC,Fish,LME,40,2
EMC_Fish_LME_40_3,8.28,0.91,-25.33229448,17.86119297,13.83,44.67,EMC,Fish,LME,40,3
EMC_Fish_LME_120_1,7.59,0.85,NA,NA,NA,NA,EMC,Fish,LME,120,1
EMC_Fish_NGY_40_1,7.67,0.84,-26.33048974,16.20104345,11.54,36.4,EMC,Fish,NGY,40,1
EMC_Fish_NGY_40_2,7.48,0.75,-25.53386407,16.98428312,10.73,35.15,EMC,Fish,NGY,40,2
EMC_Fish_NGY_40_3,7.65,0.74,-25.29869955,16.66871694,11.14,36.63,EMC,Fish,NGY,40,3
GC_Fish_GAF_40_1,5.55,0.81,-30.48229758,11.41355777,10.98,41.83,GC,Fish,GAF,40,1
GC_Fish_GAF_40_2,2.06,0.78,-30.2209658,11.72021225,10.54,41.3,GC,Fish,GAF,40,2
GC_Fish_GAF_40_3,2.85,0.8,-30.62551828,9.975972292,12.1,48.69,GC,Fish,GAF,40,3
GC_Fish_GAF_40_4,3.77,0.71,-30.65146031,13.77652255,12.47,49.56,GC,Fish,GAF,40,4
GC_Fish_GAF_40_5,2.51,0.76,NA,NA,NA,NA,GC,Fish,GAF,40,5
GC_Fish_GAF_40_6,0.42,0.77,NA,NA,NA,NA,GC,Fish,GAF,40,6
GC_Fish_HCY_80_1,-0.22,0.91,NA,NA,NA,NA,GC,Fish,HCY,80,1
GC_Fish_HCY_80_2,-0.17,0.96,NA,NA,NA,NA,GC,Fish,HCY,80,2
GC_Fish_HCY_80_3,-0.2,0.99,NA,NA,NA,NA,GC,Fish,HCY,80,3
GC_Fish_HCY_80_4,-0.06,0.91,NA,NA,NA,NA,GC,Fish,HCY,80,4
GC_Fish_LGU_80_1,-0.11,1.01,-31.70820517,14.3818736,13.14,45.55,GC,Fish,LGU,80,1
GC_Fish_LGU_80_2,2.75,0.98,-31.35970189,8.822605387,13.87,45.8,GC,Fish,LGU,80,2
GC_Fish_LGU_120_1,1.35,0.93,-28.22000075,10.70324974,14.42,46.55,GC,Fish,LGU,120,1
GC_Fish_LGU_120_2,1.83,0.98,-29.20032937,10.27057995,14.93,48.19,GC,Fish,LGU,120,2
GC_Fish_LGU_120_3,2.18,0.96,-29.42757811,10.31617747,14.03,45.38,GC,Fish,LGU,120,3
GC_Fish_LHU_80_1,3.44,0.95,-29.86678979,17.74148018,13.19,45.56,GC,Fish,LHU,80,1
GC_Fish_LHU_120_1,3.05,1.03,-30.05837168,11.93640932,15.24,49.97,GC,Fish,LHU,120,1
GC_Fish_LMA_80_1,4.09,0.87,-32.51632662,13.59109264,13.21,42.64,GC,Fish,LMA,80,1
GC_Fish_LMA_80_2,3.03,0.73,-32.24016336,15.32683821,12.83,43.39,GC,Fish,LMA,80,2
GC_Fish_LMA_80_3,3.18,0.9,-32.48402627,14.24447873,13.1,43.63,GC,Fish,LMA,80,3
GC_Fish_LMA_80_4,4.42,0.97,NA,NA,NA,NA,GC,Fish,LMA,80,4
GC_Fish_LMA_80_5,4.8,0.98,NA,NA,NA,NA,GC,Fish,LMA,80,5
GC_Fish_LME_80_1,4.27,0.96,-30.62088873,13.00947095,11.14,37.2,GC,Fish,LME,80,1
GC_Fish_LME_80_2,2.99,0.93,-30.90622347,14.8435045,13.57,45.32,GC,Fish,LME,80,2
GC_Fish_LME_80_3,2.91,0.99,-29.97073316,15.12418257,13.97,46.82,GC,Fish,LME,80,3
GC_Fish_LME_120_1,1.77,0.92,-28.98429022,15.65007396,13.02,43.57,GC,Fish,LME,120,1
GC_Fish_LME_120_2,1.53,0.91,-28.87627064,14.13522304,14.46,48.05,GC,Fish,LME,120,2
GC_Fish_LME_120_3,2.29,0.95,-28.88442306,15.09175766,13.5,45.46,GC,Fish,LME,120,3
GC_Fish_NGY_80_1,0.84,0.93,-30.28562042,9.91289274,9.09,36.42,GC,Fish,NGY,80,1
GC_Fish_NGY_80_2,1.07,0.66,-30.54547884,10.08413676,12.19,45.36,GC,Fish,NGY,80,2
LNR_Fish_AMI_40_1,15.16,0.7,-22.35456196,13.46855226,11.65,36.09,LNR,Fish,AMI,40,1
LNR_Fish_AMI_40_2,14.4,0.93,-19.98764637,8.115053013,9.08,27.07,LNR,Fish,AMI,40,2
LNR_Fish_ASP_80_1,11.25,1.24,-20.12356289,17.89940464,13.97,46,LNR,Fish,ASP,80,1
LNR_Fish_CVA_80_1,8.08,0.73,NA,NA,NA,NA,LNR,Fish,CVA,80,1
LNR_Fish_CVA_80_2,8.68,0.86,-19.30072501,9.283058894,9.24,31.31,LNR,Fish,CVA,80,2
LNR_Fish_FGR_80_1,9.45,0.87,-19.16406155,12.84247706,11.43,38.62,LNR,Fish,FGR,80,1
LNR_Fish_GDO_280_1,7.54,1.14,-21.66230278,13.26626625,12.52,41.73,LNR,Fish,GDO,280,1
LNR_Fish_MBE_80_1,11.21,0.87,-24.60949729,13.79982795,11.4,38.59,LNR,Fish,MBE,80,1
LNR_Fish_MSA_360_1,7.52,1.11,-23.15938541,15.40587391,13.23,45.43,LNR,Fish,MSA,360,1
LNR_Fish_PLA_40_1,8.12,0.61,NA,NA,NA,NA,LNR,Fish,PLA,40,1
LNR_Fish_PLA_80_1,10.18,0.8,NA,NA,NA,NA,LNR,Fish,PLA,80,1
MR_Fish_GAF_40_1,8.93,0.71,-29.71553073,11.8752944,16.44,50.73,MR,Fish,GAF,40,1
MR_Fish_HCY_80_1,8.16,0.8,-31.35815141,12.32223155,12.21,38.19,MR,Fish,HCY,80,1
MR_Fish_LCY_80_1,8.85,0.87,NA,NA,NA,NA,MR,Fish,LCY,80,1
MR_Fish_LGU_80_1,7.63,0.99,NA,NA,NA,NA,MR,Fish,LGU,80,1
MR_Fish_LMA_80_1,5.16,0.83,-33.24243542,11.77053654,13.89,43.87,MR,Fish,LMA,80,1
MR_Fish_MCE_240_1,-2.08,0.94,-26.98020579,7.963338844,16.16,49.09,MR,Fish,MCE,240,1
PDC_Fish_FNO_80_1,9.91,0.86,-25.75287434,8.159921438,11.46,41.24,PDC,Fish,FNO,80,1
PDC_Fish_HCY_80_1,10.37,0.81,-26.05960499,9.695848042,13.2,42.44,PDC,Fish,HCY,80,1
PDC_Fish_HCY_120_1,10.3,0.91,-27.9680186,9.443755399,13.43,43.92,PDC,Fish,HCY,120,1
PDC_Fish_HCY_160_1,9.26,0.99,-27.56474657,9.028957545,14.14,45.14,PDC,Fish,HCY,160,1
PDC_Fish_IPU_120_1,8.9,0.94,-29.03038127,13.24973524,12,50.95,PDC,Fish,IPU,120,1
PDC_Fish_IPU_120_2,8.97,0.91,-25.02056105,15.62783604,14.09,47,PDC,Fish,IPU,120,2
PDC_Fish_LAU_120_1,8.11,0.85,-25.4483497,11.59234952,11.88,37.88,PDC,Fish,LAU,120,1
PDC_Fish_LAU_160_1,6.53,0.82,-25.82538134,11.62521046,14.08,44.17,PDC,Fish,LAU,160,1
PDC_Fish_LAU_160_1,6.53,0.82,-24.16563415,11.44569217,11.46,37.07,PDC,Fish,LAU,160,1
PDC_Fish_LAU_160_2,8.2,0.94,-26.56818073,10.66891389,13.93,44.57,PDC,Fish,LAU,160,2
PDC_Fish_LAU_160_3,8.14,0.91,NA,NA,NA,NA,PDC,Fish,LAU,160,3
PDC_Fish_LCY_80_1,7.44,0.99,NA,NA,NA,NA,PDC,Fish,LCY,80,1
PDC_Fish_LCY_120_1,8.02,0.91,-25.96795226,10.47221303,14.71,46.02,PDC,Fish,LCY,120,1
PDC_Fish_LCY_160_1,6.68,0.87,-23.70514808,11.6392714,13.66,41.99,PDC,Fish,LCY,160,1
PDC_Fish_LGU_120_1,8.77,1.03,NA,NA,NA,NA,PDC,Fish,LGU,120,1
PDC_Fish_LMA_120_1,7.43,0.9,-25.43331131,11.0497161,12.43,38.66,PDC,Fish,LMA,120,1
PDC_Fish_LMA_120_2,7.7,0.87,NA,NA,NA,NA,PDC,Fish,LMA,120,2
PLC_Fish_DMA_120_1,10.19,0.82,-26.5647134,11.92852511,12.77,40.43,PLC,Fish,DMA,120,1
PLC_Fish_LME_40_1,10.32,0.87,-24.15119139,16.600776,14.81,48.64,PLC,Fish,LME,40,1
PLC_Fish_LME_40_2,9.44,0.78,-24.09079951,17.50437308,13.26,44.99,PLC,Fish,LME,40,2
PLC_Fish_LME_40_3,7.89,0.88,-24.33347849,17.11801788,12.53,43.2,PLC,Fish,LME,40,3
PLC_Fish_LME_80_1,9.4,0.79,-22.5594889,17.60713787,10.03,33.93,PLC,Fish,LME,80,1
PLC_Fish_LME_120_1,8.81,0.82,-22.99229348,15.17359017,13.01,40.55,PLC,Fish,LME,120,1
PLC_Fish_LME_120_2,8.95,0.89,-24.07888757,13.6248776,10.12,34.31,PLC,Fish,LME,120,2
PLC_Fish_LME_120_3,9.4,0.95,-24.06361211,16.52846258,12.83,41.41,PLC,Fish,LME,120,3
PLC_Fish_LME_120_4,9.44,0.79,-23.65356596,17.82579292,14.16,47.14,PLC,Fish,LME,120,4
PLC_Fish_PLA_80_1,11.66,0.72,-23.85077409,14.27268538,10.5,37.43,PLC,Fish,PLA,80,1
PLC_Fish_PLA_80_2,10.92,0.77,-22.73326846,14.99378878,10.99,41.38,PLC,Fish,PLA,80,2
PLC_Fish_PLA_80_3,10.75,0.76,-24.63904982,15.08263816,11.67,43.84,PLC,Fish,PLA,80,3
SFC_Fish_GAF_40_1,2.36,0.86,-23.67411031,15.84781067,10.76,38.73,SFC,Fish,GAF,40,1
SFC_Fish_GAF_40_2,2.87,0.75,-23.34560153,16.16887965,12.25,42.62,SFC,Fish,GAF,40,2
SFC_Fish_GAF_40_3,1.67,0.68,-23.78361324,16.47384486,12.41,44.75,SFC,Fish,GAF,40,3
SFC_Fish_GAF_40_4,7.5,0.65,NA,NA,NA,NA,SFC,Fish,GAF,40,4
SFC_Fish_GAF_40_5,8.79,0.69,NA,NA,NA,NA,SFC,Fish,GAF,40,5
SFC_Fish_GAF_80_1,8.39,0.73,NA,NA,NA,NA,SFC,Fish,GAF,80,1
SFC_Fish_HCY_80_1,-0.54,0.92,-25.28927847,18.77668446,12.69,40.91,SFC,Fish,HCY,80,1
SFC_Fish_HCY_80_2,3.12,0.88,-23.72987569,16.69527174,11.12,36.74,SFC,Fish,HCY,80,2
SFC_Fish_HCY_80_3,-1.97,0.73,-25.45150503,16.19706125,12.62,43.57,SFC,Fish,HCY,80,3
SFC_Fish_HCY_80_4,0.86,0.87,-24.90500431,15.60726055,13.3,45.59,SFC,Fish,HCY,80,4
SFC_Fish_LCY_80_1,-0.34,0.81,-22.94409081,16.26348932,13.47,44.58,SFC,Fish,LCY,80,1
SFC_Fish_LCY_80_2,-0.11,0.79,-23.91846406,16.33092387,12.64,40.99,SFC,Fish,LCY,80,2
SFC_Fish_LCY_80_3,1.44,0.8,-24.05635664,18.02584602,14.34,46.09,SFC,Fish,LCY,80,3
SFC_Fish_LCY_120_1,4.63,0.71,-20.41538435,16.50001349,14.38,46.04,SFC,Fish,LCY,120,1
SFC_Fish_LCY_120_2,4.27,0.84,-20.13757137,18.27444802,14.43,46.89,SFC,Fish,LCY,120,2
SFC_Fish_LCY_120_3,6.17,0.87,-20.32109016,16.39533896,13.13,42.69,SFC,Fish,LCY,120,3
SFC_Fish_LCY_120_4,4.83,0.83,-20.34745198,17.16127469,13.54,44.52,SFC,Fish,LCY,120,4
SFC_Fish_LCY_120_5,4.18,0.77,-20.31602058,16.32287198,13.6,43.96,SFC,Fish,LCY,120,5
SFC_Fish_LMA_40_1,9.83,0.7,NA,NA,NA,NA,SFC,Fish,LMA,40,1
SFC_Fish_LMA_40_2,10.73,0.74,NA,NA,NA,NA,SFC,Fish,LMA,40,2
SFC_Fish_LMA_40_3,9.32,0.72,NA,NA,NA,NA,SFC,Fish,LMA,40,3
SFC_Fish_OAU_80_1,4.28,0.96,NA,NA,NA,NA,SFC,Fish,OAU,80,1
SFC_Fish_OAU_80_2,4.5,0.93,NA,NA,NA,NA,SFC,Fish,OAU,80,2
SFC_Fish_OAU_80_3,2.06,0.94,NA,NA,NA,NA,SFC,Fish,OAU,80,3
SFC_Fish_OAU_80_4,2.23,0.9,NA,NA,NA,NA,SFC,Fish,OAU,80,4
SFC_Fish_OAU_80_5,0.24,0.84,NA,NA,NA,NA,SFC,Fish,OAU,80,5
SFC_Fish_OAU_80_6,-0.26,0.96,NA,NA,NA,NA,SFC,Fish,OAU,80,6
SFC_Fish_OAU_80_7,-0.39,0.95,NA,NA,NA,NA,SFC,Fish,OAU,80,7
SFC_Fish_OAU_80_8,-0.28,0.92,NA,NA,NA,NA,SFC,Fish,OAU,80,8
SFC_Fish_OAU_80_9,2.3,0.78,NA,NA,NA,NA,SFC,Fish,OAU,80,9
SFC_Fish_OAU_80_10,2.11,0.77,NA,NA,NA,NA,SFC,Fish,OAU,80,10
SFC_Fish_PLA_80_1,0.68,0.29,-24.04418965,14.43671752,2.45,10.34,SFC,Fish,PLA,80,1
SFC_Fish_PLA_80_2,-0.46,0.76,-23.58387179,15.87901173,12.73,42.43,SFC,Fish,PLA,80,2
SFC_Fish_PLA_80_3,0.31,0.81,-23.63862325,17.54172633,13.36,44.01,SFC,Fish,PLA,80,3
TRC_Fish_CVA_80_1,9.08,0.91,-14.3778644,18.50169747,13.36,41.98,TRC,Fish,CVA,80,1
TRC_Fish_CVA_80_2,8.71,0.93,-14.48856415,18.93360078,13.41,42.75,TRC,Fish,CVA,80,2
TRC_Fish_CVA_80_3,8.79,0.86,-12.24410138,18.59756386,14.4,45.4,TRC,Fish,CVA,80,3
TRC_Fish_CVA_80_4,8.72,0.97,-15.71220331,19.32288084,13.23,41.72,TRC,Fish,CVA,80,4
TRC_Fish_CVA_80_5,8.76,0.92,-13.83772262,17.97120109,13.51,44.93,TRC,Fish,CVA,80,5
TRC_Fish_FGR_80_1,5.33,0.93,-18.75304341,17.18883251,13.31,42.06,TRC,Fish,FGR,80,1
TRC_Fish_FGR_80_2,8.71,1.05,-17.39011625,17.79531355,14.89,47.43,TRC,Fish,FGR,80,2
TRC_Fish_FGR_80_3,7.49,1.2,-16.89450637,17.83668747,12.9,41.7,TRC,Fish,FGR,80,3
TRC_Fish_FGR_80_4,6.76,1.3,-16.53600168,19.03350364,14.83,47.12,TRC,Fish,FGR,80,4
TRC_Fish_FGR_120_1,7.05,1.17,-16.40151533,18.46701814,14.98,48.13,TRC,Fish,FGR,120,1
TRC_Fish_FGR_120_2,6.88,1.29,-17.25984625,16.73316704,13.99,44.84,TRC,Fish,FGR,120,2
TRC_Fish_GAF_40_1,5.53,0.89,-17.79948491,17.33860692,12.37,39.92,TRC,Fish,GAF,40,1
TRC_Fish_GAF_80_1,4.54,0.84,-20.1881496,16.54811564,13.32,44.64,TRC,Fish,GAF,80,1
TRC_Fish_GAF_80_2,8.01,0.83,-17.03177255,17.73385256,11.73,37.92,TRC,Fish,GAF,80,2
TRC_Fish_GAF_80_3,7.54,0.81,-16.37096975,17.85353254,12.47,40.05,TRC,Fish,GAF,80,3
TRC_Fish_HCY_80_1,2.57,0.9,-19.23240379,16.9345343,12.3,40.5,TRC,Fish,HCY,80,1
TRC_Fish_LMA_120_1,6.66,1.16,-18.82210381,18.96891997,14.03,46.31,TRC,Fish,LMA,120,1
TRC_Fish_LMA_120_2,5.7,0.85,-18.2289969,19.12028795,15.54,49.97,TRC,Fish,LMA,120,2
TRC_Fish_LMA_120_3,6.92,0.97,-18.70327931,17.73577548,13.53,43.51,TRC,Fish,LMA,120,3
TRC_Fish_LMA_120_4,6.83,0.93,-17.67730257,19.4345151,14.72,48.01,TRC,Fish,LMA,120,4
TRC_Fish_OAU_40_1,6.09,0.94,NA,NA,NA,NA,TRC,Fish,OAU,40,1
TRC_Fish_OAU_40_2,2.33,0.69,NA,NA,NA,NA,TRC,Fish,OAU,40,2
TRC_Fish_OAU_120_1,6.45,1.04,-17.09153161,16.99609061,14.84,46.75,TRC,Fish,OAU,120,1
TRC_Fish_PLA_40_1,5.7,0.91,-14.57082727,19.39577768,12.57,40.06,TRC,Fish,PLA,40,1
TRC_Fish_PLA_40_1,8.88,0.93,-14.57082727,19.39577768,12.57,40.06,TRC,Fish,PLA,40,1
TRC_Fish_PLA_40_2,6.02,0.94,-18.02790929,17.21506963,13.43,42.79,TRC,Fish,PLA,40,2
TRC_Fish_PLA_80_1,6.31,0.87,NA,NA,NA,NA,TRC,Fish,PLA,80,1
TRC_Fish_PLA_80_2,6.24,0.86,NA,NA,NA,NA,TRC,Fish,PLA,80,2
TRC_Fish_PLA_80_1,2.15,0.9,NA,NA,NA,NA,TRC,Fish,PLA,80,1
UNR_Fish_GAF_80_1,5.83,0.9,-25.73169188,13.82173082,11.4,39.87,UNR,Fish,GAF,80,1
UNR_Fish_GAF_80_2,5.77,0.88,-26.42621593,14.388186,11.78,39.62,UNR,Fish,GAF,80,2
UNR_Fish_GAF_80_3,5.79,0.89,-25.1471511,13.62387324,11.4,41.59,UNR,Fish,GAF,80,3
UNR_Fish_LME_160_1,5.77,1.03,-22.43932198,12.77117741,15.63,48.95,UNR,Fish,LME,160,1
WMC_Fish_EGR_80_1,7.09,0.84,-29.29684286,14.52562459,11.67,44.17,WMC,Fish,EGR,80,1
WMC_Fish_EGR_80_2,6.98,0.8,-29.9108091,14.47936174,11.2,44.81,WMC,Fish,EGR,80,2
WMC_Fish_EGR_80_3,7.22,0.87,-29.50760739,14.54372744,11.74,44.79,WMC,Fish,EGR,80,3
WMC_Fish_GAF_40_1,6.48,0.7,-28.08504277,13.93785581,8.3,38.14,WMC,Fish,GAF,40,1
WMC_Fish_GAF_40_2,5.84,0.72,-30.25628123,9.895382705,9.12,38.76,WMC,Fish,GAF,40,2
WMC_Fish_GAF_40_3,6.35,0.74,-27.66357909,14.16745043,10.68,45.36,WMC,Fish,GAF,40,3
WMC_Fish_LCY_80_1,6.79,0.88,-29.82019054,14.86756738,12.89,47.1,WMC,Fish,LCY,80,1
WMC_Fish_LCY_80_2,6.79,0.83,-27.34701639,14.78509883,12.59,44.1,WMC,Fish,LCY,80,2
WMC_Fish_LCY_80_3,7.35,0.92,-28.46193022,14.46729317,11.66,40.25,WMC,Fish,LCY,80,3
WMC_Fish_LCY_80_4,5.95,0.92,-27.96287938,15.17685762,12.75,43.19,WMC,Fish,LCY,80,4
WMC_Fish_LCY_80_5,6.45,0.9,-29.12797664,14.92355348,13.72,47.75,WMC,Fish,LCY,80,5
WMC_Fish_LCY_80_6,6.79,0.95,-29.15752916,15.58522415,12.77,44.43,WMC,Fish,LCY,80,6
WMC_Fish_LGU_80_1,6.64,0.87,-26.85014155,15.32013873,14.25,46.13,WMC,Fish,LGU,80,1
WMC_Fish_LGU_80_2,6.94,0.88,NA,NA,NA,NA,WMC,Fish,LGU,80,2
WMC_Fish_LGU_120_1,6.59,0.87,-27.61683572,14.72073313,13.62,47.49,WMC,Fish,LGU,120,1
WMC_Fish_LHU_80_1,4.75,0.95,-28.57166025,14.64484541,13.69,45.93,WMC,Fish,LHU,80,1
WMC_Fish_LMA_40_1,6.53,0.61,-28.35705705,14.71771598,10.78,38.46,WMC,Fish,LMA,40,1
WMC_Fish_LMA_40_2,6.71,0.8,-28.17174717,15.32215016,12.1,43.65,WMC,Fish,LMA,40,2
WMC_Fish_LMA_40_3,7.09,0.8,-28.41407547,14.71369313,11.13,40.67,WMC,Fish,LMA,40,3
WMC_Fish_LMA_80_1,6.47,0.84,-27.42236217,15.16727018,12.63,45.44,WMC,Fish,LMA,80,1
WMC_Fish_LMA_120_1,6.26,0.91,-29.09594478,14.90882865,16,53.01,WMC,Fish,LMA,120,1
WMC_Fish_LMA_120_2,7.02,0.86,-28.7631558,15.06034604,13.71,46.1,WMC,Fish,LMA,120,2
WMC_Fish_LMA_120_3,7.05,0.95,-28.33107748,15.22449711,13.1,42.92,WMC,Fish,LMA,120,3
WMC_Fish_LMA_160_1,6.55,0.94,-26.82370581,14.85926858,14.55,47.4,WMC,Fish,LMA,160,1
WMC_Fish_LME_80_1,6.85,0.92,-27.9995284,15.06762317,14.48,47.92,WMC,Fish,LME,80,1
WMC_Fish_LME_80_2,7.14,0.87,-27.69208388,15.26586346,13.09,44,WMC,Fish,LME,80,2
WMC_Fish_LME_80_3,6.91,0.92,-26.17420381,15.42769227,13.28,43.5,WMC,Fish,LME,80,3
WMC_Fish_LME_80_4,6.49,0.92,-26.77382243,14.67114259,14.25,46.79,WMC,Fish,LME,80,4
WMC_Fish_LME_80_5,6,0.98,-26.51117115,14.9270344,13.1,43.27,WMC,Fish,LME,80,5
WMC_Fish_LME_80_6,6.74,0.94,NA,NA,NA,NA,WMC,Fish,LME,80,6
WMC_Fish_LME_120_1,5.6,0.9,-26.27295255,14.72373696,11.83,39.31,WMC,Fish,LME,120,1
AR_Invertebrate_AESHNID_NA_1,4.02,0.68,-28.55520657,14.23674433,12.31,46.7,AR,Invertebrate,AESHNID,"NA",1
AR_Invertebrate_CAMBARID_NA_1,5.33,1.12,-26.02667376,14.26337837,13.09,45.57,AR,Invertebrate,CAMBARID,"NA",1
AR_Invertebrate_COENAGRION_NA_1,4.41,0.86,-26.12460155,15.32730227,12.64,46.39,AR,Invertebrate,COENAGRION,"NA",1
CB_Invertebrate_RHARRISII_NA_1,15.68,0.45,-18.79003133,8.459668047,3.25,20.96,CB,Invertebrate,RHARRISII,"NA",1
EMC_Invertebrate_BELASTOMATID_NA_1,10.98,0.5,-31.34782979,4.488636664,11.61,50.42,EMC,Invertebrate,BELASTOMATID,"NA",1
EMC_Invertebrate_CAMBARID_NA_1,8.3,0.97,-25.87792678,12.99359629,13.96,46.08,EMC,Invertebrate,CAMBARID,"NA",1
EMC_Invertebrate_CAMBARID_NA_2,8.4,0.95,-27.3327945,13.24956823,13.13,43.68,EMC,Invertebrate,CAMBARID,"NA",2
EMC_Invertebrate_CAMBARID_NA_3,8.34,0.97,-25.99203405,13.20421887,14.75,48.9,EMC,Invertebrate,CAMBARID,"NA",3
EMC_Invertebrate_COENAGRION_NA_1,8.59,0.7,-31.75370181,15.03492922,12.05,41.68,EMC,Invertebrate,COENAGRION,"NA",1
EMC_Invertebrate_GOMPHID_NA_1,7.13,0.58,-28.97875003,12.92725455,11.57,43.69,EMC,Invertebrate,GOMPHID,"NA",1
EMC_Invertebrate_HYALELLID_NA_1,8.05,0.71,-30.93685745,13.0975888,10.21,38.68,EMC,Invertebrate,HYALELLID,"NA",1
EMC_Invertebrate_NEPID_NA_1,8.8,0.5,-21.03670172,6.802470478,11.06,47.94,EMC,Invertebrate,NEPID,"NA",1
EMC_Invertebrate_PALAEMONID_NA_1,8.1,0.95,-29.35599981,15.89843967,13.63,45.71,EMC,Invertebrate,PALAEMONID,"NA",1
EMC_Invertebrate_PALAEMONID_NA_1,8.1,0.95,-29.3793972,16.26457815,13.86,46.06,EMC,Invertebrate,PALAEMONID,"NA",1
EMC_Invertebrate_PHYSELLA_NA_1,9.82,0.7,-28.90763199,13.56811056,6.69,31.23,EMC,Invertebrate,PHYSELLA,"NA",1
EMC_Invertebrate_PLANORBID_NA_1,9.11,0.66,-33.47415754,13.45983996,8.69,33.1,EMC,Invertebrate,PLANORBID,"NA",1
GC_Invertebrate_BAETID_NA_1,3.71,0.72,-35.44192237,14.33814725,10.87,39.96,GC,Invertebrate,BAETID,"NA",1
GC_Invertebrate_CAMBARID_NA_1,2.66,0.65,-32.08149088,9.332391287,7.95,38.61,GC,Invertebrate,CAMBARID,"NA",1
GC_Invertebrate_CAMBARID_NA_2,1.14,0.7,-31.52725556,6.216386371,9.75,41.13,GC,Invertebrate,CAMBARID,"NA",2
GC_Invertebrate_COENAGRION_NA_1,1.4,0.58,-31.21835924,10.96470964,11.62,44.18,GC,Invertebrate,COENAGRION,"NA",1
GC_Invertebrate_CORDULIID_NA_1,-0.57,0.59,-31.26441301,5.108953924,11.69,45.2,GC,Invertebrate,CORDULIID,"NA",1
GC_Invertebrate_GOMPHID_NA_1,0.11,0.55,-29.6165088,9.220838991,11.15,46.26,GC,Invertebrate,GOMPHID,"NA",1
GC_Invertebrate_HYALELLID_NA_1,2.13,0.83,-33.93816316,10.18650708,11.17,42,GC,Invertebrate,HYALELLID,"NA",1
GC_Invertebrate_PALAEMONID_NA_1,2.52,0.94,-30.91902304,10.83496675,12.06,40.26,GC,Invertebrate,PALAEMONID,"NA",1
GC_Invertebrate_PALAEMONID_NA_2,2.76,0.87,-30.91189134,8.304472459,12.65,42.8,GC,Invertebrate,PALAEMONID,"NA",2
GC_Invertebrate_PALAEMONID_NA_3,0.69,0.97,-31.0117352,10.50240478,12.35,43.69,GC,Invertebrate,PALAEMONID,"NA",3
LNR_Invertebrate_CHIRONOMID_NA_1,3.45,0.69,-25.56749719,7.179575173,9.46,41.38,LNR,Invertebrate,CHIRONOMID,"NA",1
LNR_Invertebrate_PALAEMONID_NA_1,10.52,0.96,-22.28558535,11.73993842,12,42.51,LNR,Invertebrate,PALAEMONID,"NA",1
LNR_Invertebrate_RHARRISII_NA_1,8.92,0.26,-20.99372802,11.43055501,3.87,23.22,LNR,Invertebrate,RHARRISII,"NA",1
LNR_Invertebrate_RHARRISII_NA_2,11.53,0.28,-20.36919447,8.99882155,3.16,22.45,LNR,Invertebrate,RHARRISII,"NA",2
LNR_Invertebrate_RHARRISII_NA_3,10.44,0.23,-20.21942867,8.832540563,2.85,20.99,LNR,Invertebrate,RHARRISII,"NA",3
MR_Invertebrate_COENAGRION_NA_1,8.66,0.84,-32.7188441,10.99189478,12.32,46.07,MR,Invertebrate,COENAGRION,"NA",1
MR_Invertebrate_GYRINID_NA_1,8.99,0.8,-32.11180544,12.11904329,11.82,48.49,MR,Invertebrate,GYRINID,"NA",1
MR_Invertebrate_NAUCORID_NA_1,10.69,0.49,-21.84643032,7.812663158,12.07,48.06,MR,Invertebrate,NAUCORID,"NA",1
MR_Invertebrate_PALAEMONID_NA_1,9.63,0.51,-35.56074385,9.141923975,3.25,23.3,MR,Invertebrate,PALAEMONID,"NA",1
PDC_Invertebrate_CAMBARID_NA_2,9.14,0.7,-26.04603125,5.412191053,10.51,37.37,PDC,Invertebrate,CAMBARID,"NA",2
PDC_Invertebrate_CAMBARID_NA_3,7.77,1.03,-26.96172351,5.736183403,9.26,35.72,PDC,Invertebrate,CAMBARID,"NA",3
PDC_Invertebrate_CAMBARID_NA_1,8.24,0.6,-26.11836711,5.664131942,11.04,38.46,PDC,Invertebrate,CAMBARID,"NA",1
PDC_Invertebrate_MELANOIDES_NA_1,11.96,0.23,-16.18425517,2.653017587,1.11,15.66,PDC,Invertebrate,MELANOIDES,"NA",1
PDC_Invertebrate_PALAEMONID_NA_1,9.9,1.06,-29.60125141,7.19979923,14.36,46.34,PDC,Invertebrate,PALAEMONID,"NA",1
PDC_Invertebrate_PALAEMONID_NA_1,9.9,1.06,-29.73551641,7.098999242,14.27,46.39,PDC,Invertebrate,PALAEMONID,"NA",1
PLC_Invertebrate_CSAPIDUS_80_1,9.95,0.31,-25.4082531,11.58171954,6.07,35.63,PLC,Invertebrate,CSAPIDUS,80,1
PLC_Invertebrate_CAMBARID_40_1,9.52,0.53,-26.65120731,11.68148814,8.46,33.37,PLC,Invertebrate,CAMBARID,40,1
PLC_Invertebrate_CAMBARID_40_2,9.55,0.56,-25.5926586,11.76916357,7.61,34.11,PLC,Invertebrate,CAMBARID,40,2
PLC_Invertebrate_CAMBARID_40_3,9.26,0.55,-26.61452997,12.94119258,8.17,34.49,PLC,Invertebrate,CAMBARID,40,3
PLC_Invertebrate_MACROBRACHIUM_40_4,10.4,0.82,-23.06193188,15.03897231,11.73,40.67,PLC,Invertebrate,MACROBRACHIUM,40,4
PLC_Invertebrate_MACROBRACHIUM_40_5,10.48,0.94,-23.34067076,15.0773817,11.15,38.79,PLC,Invertebrate,MACROBRACHIUM,40,5
SFC_Invertebrate_CAMBARID_40_1,0.25,0.92,-25.24320508,12.1803311,8.85,35.05,SFC,Invertebrate,CAMBARID,40,1
SFC_Invertebrate_CAMBARID_40_2,0.86,0.7,-24.94876757,12.19343202,9.02,36.01,SFC,Invertebrate,CAMBARID,40,2
SFC_Invertebrate_CAMBARID_40_3,0.38,0.62,-24.61969035,12.94220035,8.64,35.54,SFC,Invertebrate,CAMBARID,40,3
SFC_Invertebrate_CAMBARID_40_4,0.83,0.61,-24.73175999,12.60157626,11.94,41.24,SFC,Invertebrate,CAMBARID,40,4
SFC_Invertebrate_CAMBARID_40_5,0.73,0.57,-24.4801127,13.33422037,11.24,39.92,SFC,Invertebrate,CAMBARID,40,5
TRC_Invertebrate_CAMBARID_40_1,6.38,1.08,NA,NA,NA,NA,TRC,Invertebrate,CAMBARID,40,1
TRC_Invertebrate_CAMBARID_40_2,6.54,1.01,NA,NA,NA,NA,TRC,Invertebrate,CAMBARID,40,2
UNR_Invertebrate_BELASTOMATID_NA_1,6.92,0.56,-27.52236794,11.93847504,12.25,47.48,UNR,Invertebrate,BELASTOMATID,"NA",1
UNR_Invertebrate_CAMBARID_NA_1,5.58,0.65,-28.4382087,10.73721368,9.99,40.27,UNR,Invertebrate,CAMBARID,"NA",1
UNR_Invertebrate_CAMBARID_NA_2,5.36,0.89,-28.37911743,10.95085956,13.56,46.14,UNR,Invertebrate,CAMBARID,"NA",2
UNR_Invertebrate_CAMBARID_NA_3,7.81,0.71,-28.23342689,11.36505038,9.81,40.62,UNR,Invertebrate,CAMBARID,"NA",3
UNR_Invertebrate_CAMBARID_NA_4,5.8,0.9,-26.1184986,10.0060709,7.46,30.9,UNR,Invertebrate,CAMBARID,"NA",4
UNR_Invertebrate_COENAGRION_NA_1,5.95,0.71,-29.27024977,12.51879644,12.19,45.28,UNR,Invertebrate,COENAGRION,"NA",1
UNR_Invertebrate_GOMPHID_NA_1,6.18,0.59,-26.51112202,10.26915887,10.57,47.12,UNR,Invertebrate,GOMPHID,"NA",1
UNR_Invertebrate_HYALELLID_NA_1,5.82,0.86,-26.18862357,9.536334863,10.39,40.02,UNR,Invertebrate,HYALELLID,"NA",1
UNR_Invertebrate_INVERTEF_NA_1,5.66,0.8,-29.02300846,11.34489511,10.31,42.22,UNR,Invertebrate,INVERTEF,"NA",1
UNR_Invertebrate_NAUCORID_NA_1,8.17,0.46,-26.17647667,10.32056686,11.74,49.82,UNR,Invertebrate,NAUCORID,"NA",1
UNR_Invertebrate_PALAEMONID_NA_1,6.56,0.98,-27.53451985,14.09508185,12.15,42.14,UNR,Invertebrate,PALAEMONID,"NA",1
UNR_Invertebrate_PALAEMONID_NA_2,6.63,0.95,-27.58036653,13.95802601,11.76,40.65,UNR,Invertebrate,PALAEMONID,"NA",2
UNR_Invertebrate_PALAEMONID_NA_3,6.5,0.95,-27.82997618,13.31305733,11.28,40.56,UNR,Invertebrate,PALAEMONID,"NA",3
UNR_Invertebrate_PHYSELLA_NA_1,6.11,0.66,-26.28280349,10.46183799,10.4,38.3,UNR,Invertebrate,PHYSELLA,"NA",1
WMC_Invertebrate_CAMBARID_NA_1,6.34,0.89,-29.53707526,10.29036818,12.55,43.56,WMC,Invertebrate,CAMBARID,"NA",1
WMC_Invertebrate_CAMBARID_NA_2,6.35,0.75,-29.70797793,9.932298867,9.11,38.55,WMC,Invertebrate,CAMBARID,"NA",2
WMC_Invertebrate_CAMBARID_NA_3,6.46,0.82,-29.52690248,9.797140309,9.82,40.48,WMC,Invertebrate,CAMBARID,"NA",3
WMC_Invertebrate_PALAEMONID_NA_1,6.1,0.99,-28.08977399,13.82399346,13.22,43.89,WMC,Invertebrate,PALAEMONID,"NA",1
WMC_Invertebrate_PALAEMONID_NA_2,6.16,0.96,-27.18914159,13.82399346,13.82,45.56,WMC,Invertebrate,PALAEMONID,"NA",2
WMC_Invertebrate_PALAEMONID_NA_3,6.25,0.98,-27.57323482,14.04469368,13.62,45.2,WMC,Invertebrate,PALAEMONID,"NA",3
GC_Terrestrial_TV_NA_1,1.12,0.31,-31.08289821,3.164613536,3.31,38.97,GC,Terrestrial,TV,"NA",1
GC_Terrestrial_TV_NA_2,1.46,0.32,-31.84052913,19.88975885,2.81,32.65,GC,Terrestrial,TV,"NA",2
GC_Terrestrial_TV_NA_3,0.98,0.29,-30.89781253,1.357789046,4.41,41.4,GC,Terrestrial,TV,"NA",3
GC_Terrestrial_TV_NA_4,3.66,0.38,-30.56120068,12.90183509,5.7,46.33,GC,Terrestrial,TV,"NA",4
GC_Terrestrial_TV_NA_5,-2.08,0.41,-27.53067701,1.047303685,5.43,44.64,GC,Terrestrial,TV,"NA",5
LNR_Terrestrial_TV_NA_3,5.19,0.47,-29.71712865,3.642360366,4.07,42.39,LNR,Terrestrial,TV,"NA",3
LNR_Terrestrial_TV_NA_4,5.7,0.37,-30.47882738,5.415131623,2.1,38.87,LNR,Terrestrial,TV,"NA",4
LNR_Terrestrial_TV_NA_5,7.74,0.7,-27.63949111,5.836790774,0.95,46.25,LNR,Terrestrial,TV,"NA",5
LNR_Terrestrial_TV_NA_6,6.7,0.52,-30.16560547,4.107086842,3.12,32.46,LNR,Terrestrial,TV,"NA",6
LNR_Terrestrial_TV_NA_1,5.51,0.37,-20.20352162,6.186337197,2.97,42.34,LNR,Terrestrial,TV,"NA",1
LNR_Terrestrial_TV_NA_2,5.12,0.36,-32.7903644,-1.534732642,3.96,42.91,LNR,Terrestrial,TV,"NA",2
LNR_Terrestrial_TV_NA_8,5.57,0.67,-30.97510106,5.910906635,3.55,32.06,LNR,Terrestrial,TV,"NA",8
LNR_Terrestrial_TV_NA_9,7.51,0.68,-32.05815734,0.545519279,3.64,50.44,LNR,Terrestrial,TV,"NA",9
LNR_Terrestrial_TV_NA_10,5.76,0.76,-31.58629056,6.521861701,3.34,36.74,LNR,Terrestrial,TV,"NA",10
LNR_Terrestrial_TV_NA_11,8.89,0.96,NA,NA,NA,NA,LNR,Terrestrial,TV,"NA",11
LNR_Terrestrial_TV_NA_7,2.72,0.16,-31.549680209999998,5.364051773,3.72,37.64,LNR,Terrestrial,TV,"NA",7
PDC_Terrestrial_TV_NA_1,16.88,0.46,-29.2025498,6.998606965,3.3,42.37,PDC,Terrestrial,TV,"NA",1
TRC_Terrestrial_TV_NA_3,14.15,1.77,-29.17610899,17.79248032,3.9,36.89,TRC,Terrestrial,TV,"NA",3
TRC_Terrestrial_TV_NA_4,12.1,0.43,-29.67238266,3.050435048,5.34,40.28,TRC,Terrestrial,TV,"NA",4
TRC_Terrestrial_TV_NA_1,11.16,0.25,-19.74690916,12.02145886,1.54,31.33,TRC,Terrestrial,TV,"NA",1
TRC_Terrestrial_TV_NA_2,9.84,0.48,-14.80857931,9.025775905,1.44,34.91,TRC,Terrestrial,TV,"NA",2
UNR_Terrestrial_TV_NA_11,4.55,1.21,-27.57440604,4.257321695,5.61,40.58,UNR,Terrestrial,TV,"NA",11
UNR_Terrestrial_TV_NA_12,0.98,0.56,-30.74120158,0.68674004,3.9,43.48,UNR,Terrestrial,TV,"NA",12
UNR_Terrestrial_TV_NA_13,-2.25,0.46,-28.97780291,5.592408748,3.46,36.58,UNR,Terrestrial,TV,"NA",13
UNR_Terrestrial_TV_NA_14,-1.8,0.68,-30.45543743,7.580516626,1.55,47.59,UNR,Terrestrial,TV,"NA",14
UNR_Terrestrial_TV_NA_1,-0.93,0.44,-14.66925658,4.664958927,1.8,39.69,UNR,Terrestrial,TV,"NA",1
UNR_Terrestrial_TV_NA_2,0.64,0.32,-12.49500839,4.839231356,1.96,43.2,UNR,Terrestrial,TV,"NA",2
UNR_Terrestrial_TV_NA_3,1.07,0.36,-15.62722749,5.345022025,1.27,39.66,UNR,Terrestrial,TV,"NA",3
UNR_Terrestrial_TV_NA_4,1.22,0.33,-30.21441928,5.565366475,7.9,87.39,UNR,Terrestrial,TV,"NA",4
UNR_Terrestrial_TV_NA_5,1.41,0.4,-28.52525826,6.346587706,6.94,44.05,UNR,Terrestrial,TV,"NA",5
UNR_Terrestrial_TV_NA_6,3.09,0.18,-30.46357307,4.960420803,4.23,37.94,UNR,Terrestrial,TV,"NA",6
UNR_Terrestrial_TV_NA_7,1.2,0.41,-29.5737381,7.44730839,3.96,39.44,UNR,Terrestrial,TV,"NA",7
UNR_Terrestrial_TV_NA_8,1.41,0.3,-31.42967961,4.525741297,2.43,45.75,UNR,Terrestrial,TV,"NA",8
UNR_Terrestrial_TV_NA_9,1.61,0.14,-31.27713647,4.484677104,1.97,46.28,UNR,Terrestrial,TV,"NA",9
UNR_Terrestrial_TV_NA_10,2.7,0.24,-31.5120529,5.606430668,2.72,44.33,UNR,Terrestrial,TV,"NA",10
AR_Aquatic_PERIPHYTON_NA_2,NA,NA,-22.46055695,9.384939452,1.19,11.83,AR,Aquatic,PERIPHYTON,"NA",2
AR_Aquatic_PERIPHYTON_NA_3,NA,NA,-22.88143787,9.396169052,1.2,12.32,AR,Aquatic,PERIPHYTON,"NA",3
BB_Aquatic_FA_NA_4,NA,NA,-19.70626117,8.007005424,1.76,26.26,BB,Aquatic,FA,"NA",4
CB_Aquatic_FA_NA_2,NA,NA,-14.06065613,6.798351398,1.23,19.31,CB,Aquatic,FA,"NA",2
CB_Aquatic_FA_NA_3,NA,NA,-23.05872186,6.631744813,1.77,26.04,CB,Aquatic,FA,"NA",3
EMC_Aquatic_AV_NA_2,NA,NA,-27.76441326,10.14654952,4.85,36.31,EMC,Aquatic,AV,"NA",2
EMC_Aquatic_AV_NA_2,NA,NA,-27.83723428,9.97490041,4.9,38.63,EMC,Aquatic,AV,"NA",2
EMC_Aquatic_AV_NA_3,NA,NA,-27.83176864,10.1048812,2.23,17.71,EMC,Aquatic,AV,"NA",3
EMC_Aquatic_AV_NA_3,NA,NA,-27.8474251,9.891667735,3.92,30.54,EMC,Aquatic,AV,"NA",3
EMC_Aquatic_PERIPHYTON_NA_3,NA,NA,-21.55459294,6.865898787,0.14,1.41,EMC,Aquatic,PERIPHYTON,"NA",3
GC_Aquatic_AV_NA_5,NA,NA,-28.92782428,10.10187094,2.5,39.11,GC,Aquatic,AV,"NA",5
GC_Aquatic_FA_NA_3,NA,NA,-31.43255604,7.172420579,1.14,13.31,GC,Aquatic,FA,"NA",3
GC_Aquatic_PERIPHYTON_NA_2,NA,NA,-23.19735334,12.96797442,3.31,27.5,GC,Aquatic,PERIPHYTON,"NA",2
GC_Aquatic_PERIPHYTON_NA_3,NA,NA,-22.95481179,12.8338542,2.39,21.67,GC,Aquatic,PERIPHYTON,"NA",3
HB_Aquatic_AV_NA_2,NA,NA,-13.44573218,13.61187543,1.93,44.6,HB,Aquatic,AV,"NA",2
HB_Aquatic_AV_NA_3,NA,NA,-13.35617535,13.56797738,1.41,44.17,HB,Aquatic,AV,"NA",3
HB_Aquatic_FA_NA_3,NA,NA,-13.97084896,14.4995648,0.95,8.07,HB,Aquatic,FA,"NA",3
LB_Aquatic_FA_NA_2,NA,NA,-17.66314814,7.829254828,1.69,12,LB,Aquatic,FA,"NA",2
LB_Aquatic_FA_NA_3,NA,NA,-17.56415615,7.705049297,1.56,11.77,LB,Aquatic,FA,"NA",3
LNR_Aquatic_FA_NA_3,NA,NA,-21.12888833,9.347504463,2.73,25.01,LNR,Aquatic,FA,"NA",3
MR_Aquatic_FA_NA_3,NA,NA,-29.91581484,8.787901766,0.85,9.49,MR,Aquatic,FA,"NA",3
MR_Aquatic_PERIPHYTON_NA_2,NA,NA,-23.81899344,9.736585107,1.02,12.75,MR,Aquatic,PERIPHYTON,"NA",2
MR_Aquatic_PERIPHYTON_NA_3,NA,NA,-23.98714199,9.634116696,1.04,12.78,MR,Aquatic,PERIPHYTON,"NA",3
PDC_Aquatic_AV_NA_3,NA,NA,-26.50779922,6.31460509,2.7,34.45,PDC,Aquatic,AV,"NA",3
PDC_Aquatic_FA_NA_2,NA,NA,-23.17437703,3.525090116,0.83,14.36,PDC,Aquatic,FA,"NA",2
PDC_Aquatic_FA_NA_3,NA,NA,-23.18760352,3.630326304,0.83,14.43,PDC,Aquatic,FA,"NA",3
PDC_Aquatic_PERIPHYTON_NA_2,NA,NA,-15.22099749,1.743411367,0.43,10.84,PDC,Aquatic,PERIPHYTON,"NA",2
PDC_Aquatic_PERIPHYTON_NA_3,NA,NA,-14.91119652,1.675699316,0.42,12.01,PDC,Aquatic,PERIPHYTON,"NA",3
PLC_Aquatic_FA_NA_3,NA,NA,-25.75626857,11.00136969,1.74,16.93,PLC,Aquatic,FA,"NA",3
PLC_Aquatic_PERIPHYTON_NA_2,NA,NA,-25.34659755,9.970829914,0.81,6.17,PLC,Aquatic,PERIPHYTON,"NA",2
PLC_Aquatic_PERIPHYTON_NA_3,NA,NA,-20.9237811,10.97245875,0.83,10.76,PLC,Aquatic,PERIPHYTON,"NA",3
SFC_Aquatic_AV_NA_2,NA,NA,-29.83666726,24.49729397,5.65,38.92,SFC,Aquatic,AV,"NA",2
SFC_Aquatic_AV_NA_3,NA,NA,-30.14706308,24.44865304,5.59,39.88,SFC,Aquatic,AV,"NA",3
SFC_Aquatic_AV_NA_4,NA,NA,-30.05857815,24.63451422,5.8,39.82,SFC,Aquatic,AV,"NA",4
SFC_Aquatic_AV_NA_5,NA,NA,-29.82589594,24.64735996,5.11,39.63,SFC,Aquatic,AV,"NA",5
SFC_Aquatic_AV_NA_6,NA,NA,-30.03408528,24.58301208,5.98,39.6,SFC,Aquatic,AV,"NA",6
SFC_Aquatic_PERIPHYTON_NA_2,NA,NA,-25.39857074,9.973172412,0.83,6.19,SFC,Aquatic,PERIPHYTON,"NA",2
SFC_Aquatic_PERIPHYTON_NA_3,NA,NA,-15.20061585,13.32529511,0.67,10.89,SFC,Aquatic,PERIPHYTON,"NA",3
TRC_Aquatic_FA_NA_2,NA,NA,-19.14088424,15.11451258,1.25,14.11,TRC,Aquatic,FA,"NA",2
TRC_Aquatic_FA_NA_3,NA,NA,-18.83982612,15.1219904,1.32,14.06,TRC,Aquatic,FA,"NA",3
TRC_Aquatic_PERIPHYTON_NA_2,NA,NA,-15.34456938,13.52561042,0.77,11.3,TRC,Aquatic,PERIPHYTON,"NA",2
TRC_Aquatic_PERIPHYTON_NA_3,NA,NA,-30.23806592,8.468440498,0.38,4.13,TRC,Aquatic,PERIPHYTON,"NA",3
UNR_Aquatic_FA_NA_2,NA,NA,-19.35723786,7.390794174,0.98,9.96,UNR,Aquatic,FA,"NA",2
UNR_Aquatic_PERIPHYTON_NA_5,NA,NA,-26.14845827,8.831015374,0.51,4.33,UNR,Aquatic,PERIPHYTON,"NA",5
WMC_Aquatic_AV_NA_4,NA,NA,-28.93190642,8.214404803,2.44,32.54,WMC,Aquatic,AV,"NA",4
WMC_Aquatic_AV_NA_5,NA,NA,-29.24152946,8.113579839,2.09,33.21,WMC,Aquatic,AV,"NA",5
WMC_Aquatic_AV_NA_6,NA,NA,-29.20688067,8.025482589,2.15,33.37,WMC,Aquatic,AV,"NA",6
WMC_Aquatic_AV_NA_7,NA,NA,-29.24662487,8.158279459,2.17,32.96,WMC,Aquatic,AV,"NA",7
BB_Detritus_CPOM_NA_3,NA,NA,-14.9235242,5.700812887,2.12,35.57,BB,Detritus,CPOM,"NA",3
CB_Detritus_CPOM_NA_3,NA,NA,-12.77606548,4.329982014,1.38,31,CB,Detritus,CPOM,"NA",3
EMC_Detritus_CPOM_NA_4,NA,NA,-28.09324734,4.545426925,1.05,46.35,EMC,Detritus,CPOM,"NA",4
GC_Detritus_FPOM_NA_1,NA,NA,-29.52797982,7.380021675,0.1,1.06,GC,Detritus,FPOM,"NA",1
GC_Detritus_FPOM_NA_2,NA,NA,-25.72525509,8.306205578,0.45,3.15,GC,Detritus,FPOM,"NA",2
GC_Detritus_FPOM_NA_3,NA,NA,-29.23295837,8.322412048,0.25,2.34,GC,Detritus,FPOM,"NA",3
GC_Detritus_FPOM_NA_4,NA,NA,-29.48626989,8.185557117,0.11,1.58,GC,Detritus,FPOM,"NA",4
GC_Detritus_FPOM_NA_5,NA,NA,-29.76704892,7.959392782,0.17,1.11,GC,Detritus,FPOM,"NA",5
GC_Detritus_FPOM_NA_6,NA,NA,-29.68261175,8.064052526,0.21,1.12,GC,Detritus,FPOM,"NA",6
LNR_Detritus_FPOM_NA_1,NA,NA,-24.38952005,6.129163444,0.37,36.04,LNR,Detritus,FPOM,"NA",1
LNR_Detritus_FPOM_NA_2,NA,NA,-24.36408716,5.799410248,0.46,34.77,LNR,Detritus,FPOM,"NA",2
LNR_Detritus_FPOM_NA_3,NA,NA,-24.20640329,5.882719353,0.44,34.6,LNR,Detritus,FPOM,"NA",3
LNR_Detritus_FPOM_NA_4,NA,NA,-27.88705018,7.450194294,0.35,2.35,LNR,Detritus,FPOM,"NA",4
LNR_Detritus_FPOM_NA_5,NA,NA,-27.25631467,7.473431915,0.42,2.12,LNR,Detritus,FPOM,"NA",5
LNR_Detritus_FPOM_NA_6,NA,NA,-27.31735359,7.503689703,0.34,1.91,LNR,Detritus,FPOM,"NA",6
NB_Detritus_CPOM_NA_3,NA,NA,-14.98967814,5.524448681,2.09,37.57,NB,Detritus,CPOM,"NA",3
PLC_Detritus_CPOM_NA_3,NA,NA,-29.48341051,7.018931558,1.45,37.28,PLC,Detritus,CPOM,"NA",3
SFC_Detritus_CPOM_NA_3,NA,NA,-30.50388472,10.88560978,1.54,37.39,SFC,Detritus,CPOM,"NA",3
TRC_Detritus_CPOM_NA_4,NA,NA,-25.90023332,6.63241331,3.85,63.05,TRC,Detritus,CPOM,"NA",4
UNR_Detritus_FPOM_NA_1,NA,NA,-24.61434674,9.336062609,0.17,37.1,UNR,Detritus,FPOM,"NA",1
UNR_Detritus_FPOM_NA_2,NA,NA,-24.68861076,9.993000908,0.14,37.29,UNR,Detritus,FPOM,"NA",2
UNR_Detritus_FPOM_NA_3,NA,NA,-24.68861076,10.44523793,0.15,37.23,UNR,Detritus,FPOM,"NA",3
UNR_Detritus_FPOM_NA_4,NA,NA,-28.45064288,8.957454483,0.2,1.13,UNR,Detritus,FPOM,"NA",4
UNR_Detritus_FPOM_NA_5,NA,NA,-30.17804432,11.51667014,0.26,1.28,UNR,Detritus,FPOM,"NA",5
UNR_Detritus_FPOM_NA_6,NA,NA,-30.3621784,11.38049512,0.21,1.13,UNR,Detritus,FPOM,"NA",6
WMC_Detritus_CPOM_NA_3,NA,NA,-28.5555217,6.244192765,1.57,43,WMC,Detritus,CPOM,"NA",3
AR_Fish_CLU_40_1,NA,NA,-27.25025963,20.53035687,11.86,42.29,AR,Fish,CLU,40,1
AR_Fish_CLU_40_2,NA,NA,-27.18450491,19.63090261,11.58,45.77,AR,Fish,CLU,40,2
AR_Fish_CLU_40_3,NA,NA,-25.90079408,18.95176493,12.4,44.96,AR,Fish,CLU,40,3
AR_Fish_CLU_40_4,NA,NA,-25.47424459,19.38467736,13.28,48.07,AR,Fish,CLU,40,4
AR_Fish_CLU_40_5,NA,NA,-25.89711932,18.43684672,11.54,47.06,AR,Fish,CLU,40,5
AR_Fish_IPU_120_2,NA,NA,-27.37949896,17.85989723,14.86,48.22,AR,Fish,IPU,120,2
AR_Fish_LME_80_5,NA,NA,-25.18784708,19.31403897,14.95,48.51,AR,Fish,LME,80,5
EMC_Fish_LGU_120_2,NA,NA,-25.00754348,18.12517621,15.91,50.56,EMC,Fish,LGU,120,2
EMC_Fish_LME_120_4,NA,NA,-24.14730964,16.23076773,12.97,42.07,EMC,Fish,LME,120,4
GC_Fish_CLU_80_1,NA,NA,-29.96665695,11.50779264,12.48,43.6,GC,Fish,CLU,80,1
GC_Fish_CLU_80_2,NA,NA,-30.59846958,10.35974843,8.83,39.14,GC,Fish,CLU,80,2
GC_Fish_LGU_40_1,NA,NA,-30.55668842,11.12983987,10.52,45.31,GC,Fish,LGU,40,1
LNR_Fish_CVA_40_1,NA,NA,-22.21712816,12.9850887,10.61,34.42,LNR,Fish,CVA,40,1
LNR_Fish_MSA_80_1,NA,NA,-21.03873689,12.92030246,8.43,31.94,LNR,Fish,MSA,80,1
MR_Fish_LCY_80_2,NA,NA,-29.45177453,13.17392303,14.12,45.6,MR,Fish,LCY,80,2
MR_Fish_LGU_200_1,NA,NA,-27.58309286,13.92547445,15.02,48.07,MR,Fish,LGU,200,1
PDC_Fish_IPU_120_3,NA,NA,-23.5395468,16.52205958,13.13,45.03,PDC,Fish,IPU,120,3
PDC_Fish_IPU_120_4,NA,NA,-25.06501382,15.82739764,14.31,48.37,PDC,Fish,IPU,120,4
PDC_Fish_LCY_40_1,NA,NA,-22.11791362,11.41761088,14.99,48.69,PDC,Fish,LCY,40,1
PDC_Fish_LGU_160_2,NA,NA,-23.0218133,16.90653894,14.54,46.28,PDC,Fish,LGU,160,2
PDC_Fish_LMA_40_1,NA,NA,-23.92715137,11.86725957,10.25,31.83,PDC,Fish,LMA,40,1
PLC_Fish_CLU_80_1,NA,NA,-25.13085728,11.07683363,11.45,36.52,PLC,Fish,CLU,80,1
PLC_Fish_CLU_80_2,NA,NA,-25.2510242,15.61650991,10.93,45.2,PLC,Fish,CLU,80,2
PLC_Fish_GAF_40_1,NA,NA,-26.72301244,16.25094794,11.22,45.35,PLC,Fish,GAF,40,1
PLC_Fish_GAF_40_2,NA,NA,-24.66758329,16.65828578,10.97,43.64,PLC,Fish,GAF,40,2
PLC_Fish_LGU_80_1,NA,NA,-23.86808628,16.57265412,13.25,43.6,PLC,Fish,LGU,80,1
PLC_Fish_LMA_40_1,NA,NA,-24.48313477,17.02205265,9.63,36.66,PLC,Fish,LMA,40,1
SFC_Fish_AME_80_1,NA,NA,-23.23407078,16.41848814,12.47,42.17,SFC,Fish,AME,80,1
SFC_Fish_AME_80_2,NA,NA,-23.9458398,15.45427471,12.59,40.18,SFC,Fish,AME,80,2
SFC_Fish_AME_80_3,NA,NA,-26.64387022,14.85642212,13.4,44.47,SFC,Fish,AME,80,3
SFC_Fish_AME_80_4,NA,NA,-24.69613762,18.12951406,12.81,46,SFC,Fish,AME,80,4
SFC_Fish_AME_80_5,NA,NA,-23.96915986,16.00280949,12.39,40.59,SFC,Fish,AME,80,5
SFC_Fish_AME_80_6,NA,NA,-23.00492577,16.23027529,12.82,45.89,SFC,Fish,AME,80,6
SFC_Fish_AME_80_7,NA,NA,-22.67134741,15.24995808,13.35,43.65,SFC,Fish,AME,80,7
SFC_Fish_AME_80_8,NA,NA,-23.94482588,14.78496162,11.64,44.7,SFC,Fish,AME,80,8
SFC_Fish_AME_80_9,NA,NA,-23.68323556,16.40741679,13.65,47.98,SFC,Fish,AME,80,9
SFC_Fish_AME_80_10,NA,NA,-23.42468698,15.88605713,13.75,48.37,SFC,Fish,AME,80,10
SFC_Fish_HCY_80_5,NA,NA,-24.00566084,15.90518036,12.7,42.3,SFC,Fish,HCY,80,5
SFC_Fish_HCY_80_6,NA,NA,-23.93874238,16.92173106,13,42.35,SFC,Fish,HCY,80,6
SFC_Fish_HCY_80_7,NA,NA,-23.82214205,16.23430123,14.8,47.48,SFC,Fish,HCY,80,7
SFC_Fish_HCY_80_8,NA,NA,-24.81679362,14.62493038,12.17,38.82,SFC,Fish,HCY,80,8
TRC_Fish_AME_40_1,NA,NA,-18.03197166,17.98502809,12.56,38.96,TRC,Fish,AME,40,1
TRC_Fish_AME_40_2,NA,NA,-19.27585482,17.19478981,12.85,40.68,TRC,Fish,AME,40,2
TRC_Fish_HCY_80_2,NA,NA,-19.46084578,16.87638939,12.7,41.82,TRC,Fish,HCY,80,2
TRC_Fish_LGU_80_1,NA,NA,-20.53134853,16.2442963,11.59,39.32,TRC,Fish,LGU,80,1
TRC_Fish_PLA_40_3,NA,NA,-16.89247518,17.19690547,13.11,43.11,TRC,Fish,PLA,40,3
TRC_Fish_PLA_80_4,NA,NA,-16.53904846,18.13740519,12.92,45.01,TRC,Fish,PLA,80,4
TRC_Fish_PLA_80_5,NA,NA,-16.83560192,17.68632861,13.27,43.84,TRC,Fish,PLA,80,5
WMC_Fish_LGU_120_2,NA,NA,-27.74410899,15.67415009,14.22,47.04,WMC,Fish,LGU,120,2
AR_Invertebrate_AESHNID_NA_2,NA,NA,-28.32749411,14.17422011,11.86,44.5,AR,Invertebrate,AESHNID,"NA",2
AR_Invertebrate_BELASTOMATID_NA_1,NA,NA,-25.53496684,12.89348206,12.44,45.92,AR,Invertebrate,BELASTOMATID,"NA",1
AR_Invertebrate_BELASTOMATID_NA_2,NA,NA,-25.46787299,12.7643998,12.16,44.95,AR,Invertebrate,BELASTOMATID,"NA",2
AR_Invertebrate_CHIRONOMID_NA_1,NA,NA,-26.25775056,12.46690553,11.35,45.56,AR,Invertebrate,CHIRONOMID,"NA",1
AR_Invertebrate_COENAGRION_NA_2,NA,NA,-26.13477315,15.14687029,12.96,46.72,AR,Invertebrate,COENAGRION,"NA",2
AR_Invertebrate_COENAGRION_NA_3,NA,NA,-26.14140187,15.492964,13.05,46.8,AR,Invertebrate,COENAGRION,"NA",3
AR_Invertebrate_COENAGRION_NA_4,NA,NA,-26.14140187,14.93215685,12.73,47.19,AR,Invertebrate,COENAGRION,"NA",4
AR_Invertebrate_COENAGRION_NA_5,NA,NA,-25.84842585,14.83431819,12.73,45.8,AR,Invertebrate,COENAGRION,"NA",5
AR_Invertebrate_VELIID_NA_1,NA,NA,-26.62856875,15.22596538,12.44,47.21,AR,Invertebrate,VELIID,"NA",1
AR_Invertebrate_VELIID_NA_2,NA,NA,-27.16976978,14.96316431,11.41,45.55,AR,Invertebrate,VELIID,"NA",2
AR_Invertebrate_VELIID_NA_3,NA,NA,-26.85135639,14.73270799,20.21,79.32,AR,Invertebrate,VELIID,"NA",3
EMC_Invertebrate_BAETID_NA_1,NA,NA,-32.35322677,12.20239356,11.52,41.76,EMC,Invertebrate,BAETID,"NA",1
EMC_Invertebrate_BAETID_NA_2,NA,NA,-33.04516938,13.14146487,11.74,42.53,EMC,Invertebrate,BAETID,"NA",2
EMC_Invertebrate_BAETID_NA_3,NA,NA,-32.68593074,13.0338839,10.63,38.87,EMC,Invertebrate,BAETID,"NA",3
EMC_Invertebrate_BAETID_NA_4,NA,NA,-31.17549554,11.20902905,12.27,44.22,EMC,Invertebrate,BAETID,"NA",4
EMC_Invertebrate_BAETID_NA_5,NA,NA,-31.86437646,12.16921438,12.42,45,EMC,Invertebrate,BAETID,"NA",5
EMC_Invertebrate_BELASTOMATID_NA_2,NA,NA,-31.24406746,4.247570281,11.79,50.26,EMC,Invertebrate,BELASTOMATID,"NA",2
EMC_Invertebrate_CHIRONOMID_NA_1,NA,NA,-32.78374969,14.04065607,11.04,44.16,EMC,Invertebrate,CHIRONOMID,"NA",1
EMC_Invertebrate_CHIRONOMID_NA_2,NA,NA,-32.85340508,14.76212277,10.54,43.45,EMC,Invertebrate,CHIRONOMID,"NA",2
EMC_Invertebrate_CHIRONOMID_NA_3,NA,NA,-32.58195392,14.35737287,11.18,43.24,EMC,Invertebrate,CHIRONOMID,"NA",3
EMC_Invertebrate_CHIRONOMID_NA_4,NA,NA,-31.62828965,14.29261288,11.21,43.44,EMC,Invertebrate,CHIRONOMID,"NA",4
EMC_Invertebrate_CHIRONOMID_NA_5,NA,NA,-33.58581104,14.84307275,9.99,43.7,EMC,Invertebrate,CHIRONOMID,"NA",5
EMC_Invertebrate_COENAGRION_NA_2,NA,NA,-31.89103665,14.87623781,12.41,43.28,EMC,Invertebrate,COENAGRION,"NA",2
EMC_Invertebrate_COENAGRION_NA_3,NA,NA,-31.78069018,15.14729705,12.73,44.76,EMC,Invertebrate,COENAGRION,"NA",3
EMC_Invertebrate_COENAGRION_NA_4,NA,NA,-31.95418612,15.26895404,13.17,45.73,EMC,Invertebrate,COENAGRION,"NA",4
EMC_Invertebrate_COENAGRION_NA_5,NA,NA,-31.62352328,15.2709649,12.92,45.84,EMC,Invertebrate,COENAGRION,"NA",5
EMC_Invertebrate_ELMID_NA_1,NA,NA,-28.42405412,12.33611571,11.52,41.4,EMC,Invertebrate,ELMID,"NA",1
EMC_Invertebrate_GOMPHID_NA_2,NA,NA,-28.99299026,13.02402254,11.83,44.09,EMC,Invertebrate,GOMPHID,"NA",2
EMC_Invertebrate_GOMPHID_NA_3,NA,NA,-28.57798934,12.72666258,11.85,45.32,EMC,Invertebrate,GOMPHID,"NA",3
EMC_Invertebrate_GOMPHID_NA_4,NA,NA,-29.04486537,13.01192654,11.91,44.56,EMC,Invertebrate,GOMPHID,"NA",4
EMC_Invertebrate_GOMPHID_NA_5,NA,NA,-29.01333344,12.63392659,11.46,44.08,EMC,Invertebrate,GOMPHID,"NA",5
EMC_Invertebrate_HALIPLID_NA_1,NA,NA,-30.26336438,12.44633872,11.01,45.28,EMC,Invertebrate,HALIPLID,"NA",1
EMC_Invertebrate_HALIPLID_NA_2,NA,NA,-26.62653415,11.0747193,12.09,49.91,EMC,Invertebrate,HALIPLID,"NA",2
EMC_Invertebrate_HALIPLID_NA_3,NA,NA,-31.89103665,12.88501434,12.11,48.92,EMC,Invertebrate,HALIPLID,"NA",3
EMC_Invertebrate_HYALELLID_NA_2,NA,NA,-30.77910848,13.1856219,9.97,37.84,EMC,Invertebrate,HYALELLID,"NA",2
EMC_Invertebrate_HYALELLID_NA_3,NA,NA,-30.57526402,13.06824443,9.86,38.14,EMC,Invertebrate,HYALELLID,"NA",3
EMC_Invertebrate_HYALELLID_NA_4,NA,NA,-30.59062918,12.95592633,10.11,38.91,EMC,Invertebrate,HYALELLID,"NA",4
EMC_Invertebrate_HYALELLID_NA_5,NA,NA,-26.57374494,-4.588168258,9.51,41.54,EMC,Invertebrate,HYALELLID,"NA",5
EMC_Invertebrate_NEPID_NA_2,NA,NA,-20.74372571,6.830712564,10.76,46.67,EMC,Invertebrate,NEPID,"NA",2
EMC_Invertebrate_NEPID_NA_3,NA,NA,-20.95837133,6.990078625,11.08,47.78,EMC,Invertebrate,NEPID,"NA",3
EMC_Invertebrate_PALAEMONID_NA_2,NA,NA,-29.59099098,16.14152335,14.11,47.34,EMC,Invertebrate,PALAEMONID,"NA",2
EMC_Invertebrate_PHYSELLA_NA_2,NA,NA,-29.69991584,13.3909345,8.63,35.56,EMC,Invertebrate,PHYSELLA,"NA",2
EMC_Invertebrate_PHYSELLA_NA_3,NA,NA,-29.20964515,13.28711051,7.11,30,EMC,Invertebrate,PHYSELLA,"NA",3
EMC_Invertebrate_PHYSELLA_NA_4,NA,NA,-30.28579949,13.18127052,8.7,38.72,EMC,Invertebrate,PHYSELLA,"NA",4
EMC_Invertebrate_PHYSELLA_NA_5,NA,NA,-30.24918177,13.29215051,8.7,36.3,EMC,Invertebrate,PHYSELLA,"NA",5
EMC_Invertebrate_PLANORBID_NA_2,NA,NA,-33.44342722,13.43960247,7.25,27.81,EMC,Invertebrate,PLANORBID,"NA",2
GC_Invertebrate_BAETID_NA_2,NA,NA,-36.04935836,16.02393059,11.23,40.82,GC,Invertebrate,BAETID,"NA",2
GC_Invertebrate_BAETID_NA_3,NA,NA,-36.25422716,15.66471505,11.05,39.69,GC,Invertebrate,BAETID,"NA",3
GC_Invertebrate_BAETID_NA_4,NA,NA,-35.69698402,15.67989317,11.76,42.62,GC,Invertebrate,BAETID,"NA",4
GC_Invertebrate_BAETID_NA_5,NA,NA,-36.2204238,15.27311952,11.77,42.7,GC,Invertebrate,BAETID,"NA",5
GC_Invertebrate_CHIRONOMID_NA_1,NA,NA,-32.83391257,12.46782699,9.4,38.8,GC,Invertebrate,CHIRONOMID,"NA",1
GC_Invertebrate_CHIRONOMID_NA_2,NA,NA,-33.52483461,12.2747845,10.63,42.15,GC,Invertebrate,CHIRONOMID,"NA",2
GC_Invertebrate_CHIRONOMID_NA_3,NA,NA,-33.28091974,14.07953075,9.45,40.2,GC,Invertebrate,CHIRONOMID,"NA",3
GC_Invertebrate_CHIRONOMID_NA_4,NA,NA,-32.3552679,14.06746559,10.91,42.81,GC,Invertebrate,CHIRONOMID,"NA",4
GC_Invertebrate_CHIRONOMID_NA_5,NA,NA,-33.59321242,13.64116341,9.77,40.29,GC,Invertebrate,CHIRONOMID,"NA",5
GC_Invertebrate_CHIRONOMIDSP2_NA_1,NA,NA,-31.76232003,12.63774461,11.22,45.34,GC,Invertebrate,CHIRONOMIDSP2,"NA",1
GC_Invertebrate_CHIRONOMIDSP2_NA_2,NA,NA,-31.89703452,12.67394007,10.76,44.89,GC,Invertebrate,CHIRONOMIDSP2,"NA",2
GC_Invertebrate_CHIRONOMIDSP2_NA_3,NA,NA,-31.83988291,12.5221202,10.87,43.7,GC,Invertebrate,CHIRONOMIDSP2,"NA",3
GC_Invertebrate_CHIRONOMIDSP2_NA_4,NA,NA,-31.85212969,12.79258078,9.96,44.25,GC,Invertebrate,CHIRONOMIDSP2,"NA",4
GC_Invertebrate_COENAGRION_NA_2,NA,NA,-31.12548789,10.8852807,11.42,42.56,GC,Invertebrate,COENAGRION,"NA",2
GC_Invertebrate_COENAGRION_NA_3,NA,NA,-31.1622282,11.03307886,12.14,45.29,GC,Invertebrate,COENAGRION,"NA",3
GC_Invertebrate_CORDULIID_NA_2,NA,NA,-31.33969157,4.869904834,11.46,46.53,GC,Invertebrate,CORDULIID,"NA",2
GC_Invertebrate_CORDULIID_NA_3,NA,NA,-31.33257063,5.15736893,12.17,46.76,GC,Invertebrate,CORDULIID,"NA",3
GC_Invertebrate_GOMPHID_NA_2,NA,NA,-29.75382528,8.38823109,11.17,46.03,GC,Invertebrate,GOMPHID,"NA",2
GC_Invertebrate_GOMPHID_NA_3,NA,NA,-30.00302926,8.961783022,11,46.05,GC,Invertebrate,GOMPHID,"NA",3
GC_Invertebrate_GOMPHID_NA_4,NA,NA,-29.85147255,7.782423161,10.61,45.27,GC,Invertebrate,GOMPHID,"NA",4
GC_Invertebrate_GOMPHID_NA_5,NA,NA,-30.01625233,9.036375013,11.13,46.12,GC,Invertebrate,GOMPHID,"NA",5
GC_Invertebrate_HALIPLID_NA_1,NA,NA,-33.04108712,9.577216701,12.03,48.56,GC,Invertebrate,HALIPLID,"NA",1
GC_Invertebrate_HALIPLID_NA_2,NA,NA,-32.15554839,9.043681783,11.2,46.06,GC,Invertebrate,HALIPLID,"NA",2
GC_Invertebrate_HYALELLID_NA_2,NA,NA,-33.9085668,12.68801609,11.27,41.87,GC,Invertebrate,HYALELLID,"NA",2
GC_Invertebrate_HYALELLID_NA_3,NA,NA,-32.9186194,12.47385957,11.07,40.85,GC,Invertebrate,HYALELLID,"NA",3
GC_Invertebrate_HYALELLID_NA_4,NA,NA,-31.72015348,14.16155134,10.55,41.87,GC,Invertebrate,HYALELLID,"NA",4
GC_Invertebrate_HYALELLID_NA_5,NA,NA,-32.04466511,15.10060072,11.26,43.8,GC,Invertebrate,HYALELLID,"NA",5
GC_Invertebrate_HYALELLID_NA_6,NA,NA,-32.05280333,15.00175342,10.82,41.86,GC,Invertebrate,HYALELLID,"NA",6
GC_Invertebrate_HYALELLID_NA_7,NA,NA,-31.94497188,15.1812924,11.15,41.76,GC,Invertebrate,HYALELLID,"NA",7
GC_Invertebrate_HYALELLID_NA_8,NA,NA,-32.29593273,15.24181116,11.39,42.37,GC,Invertebrate,HYALELLID,"NA",8
GC_Invertebrate_PHYSELLA_NA_1,NA,NA,-32.43342404,13.73608177,8.41,33.17,GC,Invertebrate,PHYSELLA,"NA",1
LNR_Invertebrate_BAETID_NA_1,NA,NA,-25.32140365,7.369365815,13.12,46.38,LNR,Invertebrate,BAETID,"NA",1
LNR_Invertebrate_CHIRONOMID_NA_2,NA,NA,-25.00533207,8.159793581,8.98,41.63,LNR,Invertebrate,CHIRONOMID,"NA",2
LNR_Invertebrate_CHIRONOMID_NA_3,NA,NA,-25.98530888,8.370560708,9.48,43.31,LNR,Invertebrate,CHIRONOMID,"NA",3
LNR_Invertebrate_CHIRONOMID_NA_4,NA,NA,-24.9392548,8.543006539,10.54,42.33,LNR,Invertebrate,CHIRONOMID,"NA",4
LNR_Invertebrate_CHIRONOMID_NA_5,NA,NA,-26.13169546,7.545644394,9.8,43.48,LNR,Invertebrate,CHIRONOMID,"NA",5
LNR_Invertebrate_CORIXID_NA_1,NA,NA,-23.50085182,6.738888753,11.62,44.19,LNR,Invertebrate,CORIXID,"NA",1
LNR_Invertebrate_DYSTICID_NA_1,NA,NA,-20.8060953,8.864916702,11.96,43.85,LNR,Invertebrate,DYSTICID,"NA",1
LNR_Invertebrate_DYSTICID_NA_2,NA,NA,-21.129788,9.106754768,11.73,42.8,LNR,Invertebrate,DYSTICID,"NA",2
LNR_Invertebrate_HYALELLID_NA_1,NA,NA,-22.45983214,9.205561573,11.76,44.2,LNR,Invertebrate,HYALELLID,"NA",1
MR_Invertebrate_BAETID_NA_1,NA,NA,-34.9144379,9.740498505,12.19,44.55,MR,Invertebrate,BAETID,"NA",1
MR_Invertebrate_BAETID_NA_2,NA,NA,-26.48192021,-4.582249294,13.94,59.47,MR,Invertebrate,BAETID,"NA",2
MR_Invertebrate_CAMBARID_NA_1,NA,NA,-32.32847358,8.516452,12.25,42.98,MR,Invertebrate,CAMBARID,"NA",1
MR_Invertebrate_CAMBARID_NA_2,NA,NA,-32.35288866,8.6983912,12.51,43.22,MR,Invertebrate,CAMBARID,"NA",2
MR_Invertebrate_CAMBARID_NA_3,NA,NA,-32.25828021,8.51341968,12.08,42.6,MR,Invertebrate,CAMBARID,"NA",3
MR_Invertebrate_CHIRONOMID_NA_1,NA,NA,-34.04061977,10.85122684,10.11,42.22,MR,Invertebrate,CHIRONOMID,"NA",1
MR_Invertebrate_COENAGRION_NA_2,NA,NA,-33.31388218,11.58560671,12.18,45.37,MR,Invertebrate,COENAGRION,"NA",2
MR_Invertebrate_COENAGRION_NA_3,NA,NA,-33.20097752,11.26405475,11.85,44.18,MR,Invertebrate,COENAGRION,"NA",3
MR_Invertebrate_GOMPHID_NA_1,NA,NA,-27.74129659,6.606172037,9.94,38.8,MR,Invertebrate,GOMPHID,"NA",1
MR_Invertebrate_GYRINID_NA_2,NA,NA,-32.20437773,12.95924537,11.65,48.76,MR,Invertebrate,GYRINID,"NA",2
MR_Invertebrate_GYRINID_NA_3,NA,NA,-31.66623776,12.83215598,11.66,47.81,MR,Invertebrate,GYRINID,"NA",3
MR_Invertebrate_HYALELLID_NA_1,NA,NA,-33.47903441,9.356404639,10.19,40.05,MR,Invertebrate,HYALELLID,"NA",1
MR_Invertebrate_HYALELLID_NA_2,NA,NA,-33.56855639,9.360447732,10.35,40.34,MR,Invertebrate,HYALELLID,"NA",2
MR_Invertebrate_HYALELLID_NA_3,NA,NA,-33.94190372,9.497912906,9.85,38.94,MR,Invertebrate,HYALELLID,"NA",3
MR_Invertebrate_HYALELLID_NA_4,NA,NA,-33.49124196,9.416040266,10.07,39.77,MR,Invertebrate,HYALELLID,"NA",4
MR_Invertebrate_HYALELLID_NA_5,NA,NA,-33.37425301,9.573720906,10.22,39.75,MR,Invertebrate,HYALELLID,"NA",5
MR_Invertebrate_HYDROPHILIDAE_NA_1,NA,NA,-34.95411241,10.24285285,11.79,46.52,MR,Invertebrate,HYDROPHILIDAE,"NA",1
MR_Invertebrate_NAUCORID_NA_2,NA,NA,-22.30110044,7.95781514,12.24,48.29,MR,Invertebrate,NAUCORID,"NA",2
MR_Invertebrate_PHYSELLA_NA_1,NA,NA,-28.86865271,7.718951841,8.24,33.31,MR,Invertebrate,PHYSELLA,"NA",1
MR_Invertebrate_PHYSELLA_NA_2,NA,NA,-29.19113528,7.616863734,8.41,33.98,MR,Invertebrate,PHYSELLA,"NA",2
MR_Invertebrate_PHYSELLA_NA_3,NA,NA,-29.59805334,7.570368161,9.41,37.6,MR,Invertebrate,PHYSELLA,"NA",3
MR_Invertebrate_PHYSELLA_NA_4,NA,NA,-29.52073891,7.602712908,8.9,36.06,MR,Invertebrate,PHYSELLA,"NA",4
PDC_Invertebrate_BAETID_NA_1,NA,NA,-32.32177054,2.575103231,11.87,44.2,PDC,Invertebrate,BAETID,"NA",1
PDC_Invertebrate_BAETID_NA_2,NA,NA,-32.15992419,2.504271998,11.57,43.3,PDC,Invertebrate,BAETID,"NA",2
PDC_Invertebrate_CAMBARID_NA_4,NA,NA,-26.98003237,5.741223402,9.21,35.21,PDC,Invertebrate,CAMBARID,"NA",4
PDC_Invertebrate_CAMBARID_NA_5,NA,NA,-26.86712771,5.531559427,8.16,33.04,PDC,Invertebrate,CAMBARID,"NA",5
PDC_Invertebrate_COENAGRION_NA_1,NA,NA,-31.06425403,4.872811291,12.62,44.98,PDC,Invertebrate,COENAGRION,"NA",1
PDC_Invertebrate_COENAGRION_NA_2,NA,NA,-30.36108521,4.849686409,13.06,46.33,PDC,Invertebrate,COENAGRION,"NA",2
PDC_Invertebrate_COENAGRION_NA_3,NA,NA,-30.90606656,4.798409496,13.13,46.49,PDC,Invertebrate,COENAGRION,"NA",3
PDC_Invertebrate_COENAGRION_NA_4,NA,NA,-30.62132911,5.155337028,12.71,44.96,PDC,Invertebrate,COENAGRION,"NA",4
PDC_Invertebrate_ELMIDBEETLE_NA_1,NA,NA,-21.32909094,4.781317192,10.93,49.06,PDC,Invertebrate,ELMIDBEETLE,"NA",1
PDC_Invertebrate_ELMIDLARVA_NA_1,NA,NA,-27.59331476,3.558714717,11.73,48.05,PDC,Invertebrate,ELMIDLARVA,"NA",1
PDC_Invertebrate_GOMPHID_NA_1,NA,NA,-32.46344772,3.838224164,12,45.02,PDC,Invertebrate,GOMPHID,"NA",1
PDC_Invertebrate_HALIPLID_NA_1,NA,NA,-17.41522676,4.45455255,11.3,46.54,PDC,Invertebrate,HALIPLID,"NA",1
PDC_Invertebrate_HALIPLID_NA_2,NA,NA,-16.38649792,4.553084657,11.44,48.63,PDC,Invertebrate,HALIPLID,"NA",2
PDC_Invertebrate_HYALELLID_NA_1,NA,NA,-29.04573007,6.417167724,10.88,41.42,PDC,Invertebrate,HYALELLID,"NA",1
PDC_Invertebrate_HYALELLID_NA_2,NA,NA,-28.25835703,8.190367308,12.47,46.89,PDC,Invertebrate,HYALELLID,"NA",2
PDC_Invertebrate_MELANOIDES_NA_2,NA,NA,-15.71715431,3.356270541,1,15.07,PDC,Invertebrate,MELANOIDES,"NA",2
PDC_Invertebrate_MELANOIDES_NA_3,NA,NA,-13.97167213,2.583198229,0.71,14.17,PDC,Invertebrate,MELANOIDES,"NA",3
PDC_Invertebrate_MELANOIDES_NA_4,NA,NA,-15.05235505,3.856136669,0.9,14.98,PDC,Invertebrate,MELANOIDES,"NA",4
PDC_Invertebrate_MELANOIDES_NA_5,NA,NA,-28.55423331,3.392698032,6.54,28.9,PDC,Invertebrate,MELANOIDES,"NA",5
PDC_Invertebrate_PALAEMONID_NA_2,NA,NA,-29.94199971,7.273383221,14.04,46.37,PDC,Invertebrate,PALAEMONID,"NA",2
PLC_Invertebrate_BAETID_NA_1,NA,NA,-25.72622793,12.34728293,11.13,39.63,PLC,Invertebrate,BAETID,"NA",1
PLC_Invertebrate_CHIRONOMID_NA_1,NA,NA,-25.72826252,12.31392741,11.95,43.09,PLC,Invertebrate,CHIRONOMID,"NA",1
PLC_Invertebrate_CORBICULA_NA_1,NA,NA,-25.47088684,13.05280272,12.2,41.06,PLC,Invertebrate,CORBICULA,"NA",1
PLC_Invertebrate_CORBICULA_NA_2,NA,NA,-25.51259594,12.81729253,11.74,40.13,PLC,Invertebrate,CORBICULA,"NA",2
PLC_Invertebrate_HYALELLID_NA_1,NA,NA,-24.04463902,12.08953573,8.05,33.39,PLC,Invertebrate,HYALELLID,"NA",1
PLC_Invertebrate_HYALELLID_NA_2,NA,NA,-24.19825059,12.2765288,8.51,35.08,PLC,Invertebrate,HYALELLID,"NA",2
PLC_Invertebrate_HYALELLID_NA_3,NA,NA,-23.93782302,12.31190586,8.42,34.98,PLC,Invertebrate,HYALELLID,"NA",3
PLC_Invertebrate_HYALELLID_NA_4,NA,NA,-23.76284825,12.1249128,7.79,32.17,PLC,Invertebrate,HYALELLID,"NA",4
PLC_Invertebrate_HYDROPHSYCHID_NA_1,NA,NA,-25.62551571,13.7128377,10.74,37.57,PLC,Invertebrate,HYDROPHSYCHID,"NA",1
PLC_Invertebrate_HYDROPHSYCHID_NA_2,NA,NA,-26.44443832,13.43588581,11.95,43.32,PLC,Invertebrate,HYDROPHSYCHID,"NA",2
PLC_Invertebrate_MACROBRACHIUM_40_1,NA,NA,-23.38543175,14.84187151,9.89,35.18,PLC,Invertebrate,MACROBRACHIUM,40,1
PLC_Invertebrate_MACROBRACHIUM_40_2,NA,NA,-23.52270854,14.78499833,13.77,45.02,PLC,Invertebrate,MACROBRACHIUM,40,2
PLC_Invertebrate_MACROBRACHIUM_40_3,NA,NA,-23.21452616,14.89847482,10.87,38.46,PLC,Invertebrate,MACROBRACHIUM,40,3
PLC_Invertebrate_MACROBRACHIUM_40_6,NA,NA,-23.15654033,15.18654522,10.99,38.14,PLC,Invertebrate,MACROBRACHIUM,40,6
PLC_Invertebrate_MACROBRACHIUM_40_7,NA,NA,-23.82989059,14.76786234,13.36,43.64,PLC,Invertebrate,MACROBRACHIUM,40,7
PLC_Invertebrate_MACROBRACHIUM_40_8,NA,NA,-23.89600593,14.76987834,14.34,45.96,PLC,Invertebrate,MACROBRACHIUM,40,8
PLC_Invertebrate_MACROBRACHIUM_40_9,NA,NA,-23.94686389,14.75274234,14.04,45.18,PLC,Invertebrate,MACROBRACHIUM,40,9
PLC_Invertebrate_MACROBRACHIUM_40_10,NA,NA,-23.56136058,14.64791035,12.83,42.23,PLC,Invertebrate,MACROBRACHIUM,40,10
PLC_Invertebrate_PHYSELLA_NA_1,NA,NA,-31.03752601,10.36818874,13.14,45.31,PLC,Invertebrate,PHYSELLA,"NA",1
PLC_Invertebrate_PHYSELLA_NA_2,NA,NA,-28.83203008,10.54709562,9.11,31.76,PLC,Invertebrate,PHYSELLA,"NA",2
PLC_Invertebrate_SIMALIIDAE_NA_1,NA,NA,-25.60002754,12.4023644,11.57,40.71,PLC,Invertebrate,SIMALIIDAE,"NA",1
SFC_Invertebrate_CAMBARID_40_6,NA,NA,-27.18710396,13.32817379,14.57,48.1,SFC,Invertebrate,CAMBARID,40,6
SFC_Invertebrate_ELMID_NA_1,NA,NA,-29.78526044,9.768279548,12.02,48.4,SFC,Invertebrate,ELMID,"NA",1
SFC_Invertebrate_GOMPHID_NA_1,NA,NA,-27.40037912,9.642222654,8.68,33.5,SFC,Invertebrate,GOMPHID,"NA",1
TRC_Invertebrate_CAMBARID_NA_1,NA,NA,-19.28517539,15.9795997,12.86,42.94,TRC,Invertebrate,CAMBARID,"NA",1
TRC_Invertebrate_CAMBARID_NA_2,NA,NA,-19.78948877,13.35840669,14.25,47.09,TRC,Invertebrate,CAMBARID,"NA",2
TRC_Invertebrate_CHIRONOMID_NA_1,NA,NA,-21.34363449,14.17119474,10.08,40.62,TRC,Invertebrate,CHIRONOMID,"NA",1
TRC_Invertebrate_COENAGRION_NA_1,NA,NA,-18.96383604,18.15156723,12.86,45.94,TRC,Invertebrate,COENAGRION,"NA",1
TRC_Invertebrate_HYALELLID_NA_1,NA,NA,-21.28060694,14.74702263,9.97,39.73,TRC,Invertebrate,HYALELLID,"NA",1
TRC_Invertebrate_HYALELLID_NA_2,NA,NA,-21.23892743,15.27242777,9.76,38.6,TRC,Invertebrate,HYALELLID,"NA",2
UNR_Invertebrate_BAETID_NA_1,NA,NA,-28.84412266,10.80164498,11.5,45.99,UNR,Invertebrate,BAETID,"NA",1
UNR_Invertebrate_BAETID_NA_2,NA,NA,-28.07484032,10.86640497,11.78,46.11,UNR,Invertebrate,BAETID,"NA",2
UNR_Invertebrate_BAETID_NA_3,NA,NA,-28.42209294,10.76015812,11.32,45.09,UNR,Invertebrate,BAETID,"NA",3
UNR_Invertebrate_BAETID_NA_4,NA,NA,-28.30429338,10.1995795,11.54,46.31,UNR,Invertebrate,BAETID,"NA",4
UNR_Invertebrate_BAETID_NA_5,NA,NA,-27.9508947,10.69641001,11.33,44.56,UNR,Invertebrate,BAETID,"NA",5
UNR_Invertebrate_BELASTOMATID_NA_2,NA,NA,-27.79785934,11.9999908,12.15,46.46,UNR,Invertebrate,BELASTOMATID,"NA",2
UNR_Invertebrate_BELASTOMATID_NA_3,NA,NA,-27.79684277,11.72468254,12.67,49.43,UNR,Invertebrate,BELASTOMATID,"NA",3
UNR_Invertebrate_CHIRONOMID_NA_1,NA,NA,-30.93786683,12.26832289,10.83,45.87,UNR,Invertebrate,CHIRONOMID,"NA",1
UNR_Invertebrate_CHIRONOMID_NA_2,NA,NA,-31.2694994,12.51140657,10.18,44.46,UNR,Invertebrate,CHIRONOMID,"NA",2
UNR_Invertebrate_COENAGRION_NA_2,NA,NA,-28.85026873,12.493499570000001,12.24,45.87,UNR,Invertebrate,COENAGRION,"NA",2
UNR_Invertebrate_COENAGRION_NA_3,NA,NA,-28.85641479,12.72117139,12.28,44.06,UNR,Invertebrate,COENAGRION,"NA",3
UNR_Invertebrate_COENAGRION_NA_4,NA,NA,-28.94758141,12.52082019,12.48,46.72,UNR,Invertebrate,COENAGRION,"NA",4
UNR_Invertebrate_COENAGRION_NA_5,NA,NA,-28.39033827,12.47123833,11.63,43.54,UNR,Invertebrate,COENAGRION,"NA",5
UNR_Invertebrate_CORIXIDAE_NA_1,NA,NA,-30.63918214,10.53369701,23.03,85.72,UNR,Invertebrate,CORIXIDAE,"NA",1
UNR_Invertebrate_ELMID_NA_1,NA,NA,-24.39945429,10.10913739,11.41,42.85,UNR,Invertebrate,ELMID,"NA",1
UNR_Invertebrate_GOMPHID_NA_2,NA,NA,-26.3249819,10.54333484,10.35,46.7,UNR,Invertebrate,GOMPHID,"NA",2
UNR_Invertebrate_GOMPHID_NA_3,NA,NA,-26.715571,10.98584678,11.46,49.16,UNR,Invertebrate,GOMPHID,"NA",3
UNR_Invertebrate_HYALELLID_NA_2,NA,NA,-26.44276693,9.720882156,10.23,38.8,UNR,Invertebrate,HYALELLID,"NA",2
UNR_Invertebrate_MELANOIDES_NA_1,NA,NA,-26.78502782,10.5193043,9.57,39.44,UNR,Invertebrate,MELANOIDES,"NA",1
UNR_Invertebrate_MELANOIDES_NA_2,NA,NA,-25.61239941,10.43484821,8.15,37.19,UNR,Invertebrate,MELANOIDES,"NA",2
UNR_Invertebrate_NAUCORID_NA_2,NA,NA,-26.67793611,10.76610281,12.34,52.34,UNR,Invertebrate,NAUCORID,"NA",2
UNR_Invertebrate_NAUCORID_NA_3,NA,NA,-25.46548245,10.24496687,12.09,50.39,UNR,Invertebrate,NAUCORID,"NA",3
UNR_Invertebrate_PHYSELLA_NA_2,NA,NA,-25.92166986,10.30751516,9.48,35.32,UNR,Invertebrate,PHYSELLA,"NA",2
UNR_Invertebrate_PHYSELLA_NA_3,NA,NA,-25.97660286,9.992817624,8.18,32.84,UNR,Invertebrate,PHYSELLA,"NA",3
UNR_Invertebrate_PHYSELLA_NA_4,NA,NA,-25.72533524,10.06140555,8.41,33.43,UNR,Invertebrate,PHYSELLA,"NA",4
UNR_Invertebrate_PHYSELLA_NA_5,NA,NA,-25.78332007,10.34483506,10.96,43.04,UNR,Invertebrate,PHYSELLA,"NA",5
WMC_Invertebrate_CAMBARID_NA_4,NA,NA,-28.72427027,10.49108872,11.37,44.52,WMC,Invertebrate,CAMBARID,"NA",4
WMC_Invertebrate_CHIRONOMID_NA_1,NA,NA,-28.06521816,9.851981326,7.18,35.36,WMC,Invertebrate,CHIRONOMID,"NA",1
WMC_Invertebrate_ELMID_NA_1,NA,NA,-37.23267756,10.17972925,11.46,48.13,WMC,Invertebrate,ELMID,"NA",1
WMC_Invertebrate_ELMID_NA_2,NA,NA,-34.12297936,10.62849179,11.68,50.02,WMC,Invertebrate,ELMID,"NA",2
WMC_Invertebrate_ELMIDLARVA_NA_1,NA,NA,-30.20205556,8.886889746,10.29,43.82,WMC,Invertebrate,ELMIDLARVA,"NA",1
WMC_Invertebrate_HYALELLID_NA_1,NA,NA,-30.08819933,8.867729098,7.89,42.23,WMC,Invertebrate,HYALELLID,"NA",1
WMC_Invertebrate_PHYSELLA_NA_1,NA,NA,-30.50906074,8.78201041,9.58,37.66,WMC,Invertebrate,PHYSELLA,"NA",1
WMC_Invertebrate_PHYSELLA_NA_2,NA,NA,-29.33593498,9.359855212,9.24,37.42,WMC,Invertebrate,PHYSELLA,"NA",2
WMC_Invertebrate_PHYSELLA_NA_3,NA,NA,-29.37659792,9.261026607,8.7,34.29,WMC,Invertebrate,PHYSELLA,"NA",3
WMC_Invertebrate_PHYSELLA_NA_4,NA,NA,-28.65483076,9.353804481,9.31,36.99,WMC,Invertebrate,PHYSELLA,"NA",4
WMC_Invertebrate_PHYSELLA_NA_5,NA,NA,-28.83171454,9.195477022,8.47,35.44,WMC,Invertebrate,PHYSELLA,"NA",5
WMC_Invertebrate_VELIID_NA_1,NA,NA,-27.97067683,11.69846271,11.85,46.83,WMC,Invertebrate,VELIID,"NA",1
WMC_Invertebrate_VELLID_NA_2,NA,NA,-27.86901949,11.54618598,11.41,45.35,WMC,Invertebrate,VELLID,"NA",2
GC_Terrestrial_TV_NA_6,NA,NA,-30.9851253,1.48050132,4.33,41.89,GC,Terrestrial,TV,"NA",6
PDC_Terrestrial_TV_NA_2,NA,NA,-28.91271783,7.026650804,3,41.37,PDC,Terrestrial,TV,"NA",2
PDC_Terrestrial_TV_NA_3,NA,NA,-29.2625501,7.149843383,3.17,41.88,PDC,Terrestrial,TV,"NA",3
TRC_Terrestrial_TV_NA_5,NA,NA,-19.57402694,12.03347765,1.55,31.94,TRC,Terrestrial,TV,"NA",5
