Project,Tray,Type,tray_position,File_line,Sample_ID,site,G.species,max_length,rep,key_notes,weight (mg),
TERRG-summer,10,Aveg,B-2,14,AR-Av-Aquat-1,1.2-1.3,AV,,1,Hydrocotn,1.267,
TERRG-summer,10,Aveg,B-10,22,EMC-Av-Aquat-1,1.2-1.3,AV,,1,Polygonum,1.243,
TERRG-summer,10,Aveg,B-11,23,EMC-Av-Aquat-2,1.2-1.3,AV,,2,cenatoplivllem,1.294,
TERRG-summer,10,Aveg,B-8,20,GC-Av-Aquat-1,1.2-1.3,AV,,1,Hydrocotn,1.203,
TERRG-summer,10,Aveg,B-9,21,GC-Av-Aquat-2,1.2-1.3,AV,,2,cematophullm,1.244,
TERRG-summer,10,Aveg,C-4,28,AR-Av-Diato-1,4.4-4.5,Diatoms,,1,,4.411,
TERRG-summer,10,Aveg,C-8,32,EMC-Av-Diato-1,4.4-4.5,Diatoms,,1,,4.484,
TERRG-summer,10,Aveg,C-7,31,GC-Av-Diato-1,4.4-4.5,Diatoms,,1,,4.412,
TERRG-summer,10,Aveg,C-11,35,MR-Av-Diato-1,4.4-4.5,Diatoms,,1,,4.406,
TERRG-summer,10,Aveg,C-5,29,PDC-Av-Diato-1,4.4-4.5,Diatoms,,1,,4.454,
TERRG-summer,10,Aveg,C-6,30,PLC-Av-Diato-1,4.4-4.5,Diatoms,,1,,4.48,
TERRG-summer,10,Aveg,C-3,27,SFC-Av-Diato-1,4.4-4.5,Diatoms,,1,,4.41,
TERRG-summer,10,Aveg,C-2,26,TRC-Av-Diato-1,4.4-4.5,Diatoms,,1,,4.443,
TERRG-summer,10,Aveg,A-10,10,AR-Av-Filam-1,1.5-1.6,Filamentous_algae,,1,,1.543,
TERRG-summer,10,Aveg,A-11,11,GC-Av-Filam-1,1.5-1.6,Filamentous_algae,,1,,1.546,
TERRG-summer,10,Aveg,A-7,7,PDC-Av-Filam-1,1.5-1.6,Filamentous_algae,,1,,1.514,
TERRG-summer,10,Aveg,A-8,8,PLC-Av-Filam-1,1.5-1.6,Filamentous_algae,,1,,1.595,
TERRG-summer,10,Aveg,A-9,9,SFC-Av-Filam-1,1.5-1.6,Filamentous_algae,,1,,1.576,
TERRG-summer,10,Aveg,A-6,6,PLC-Av-Aquat-1,1.2-1.3,AV,,1,HVARO chloa,1.205,
TERRG-summer,10,Aveg,B-12,24,WMC-Av-Aquat-1,1.2-1.3,AV,,1,Hydrochloa,1.214,
TERRG-summer,10,Aveg,B-3,15,MR-Av-Aquat-1,1.2-1.3,AV,,1,Hydrocotn,1.235,
TERRG-summer,10,Aveg,B-5,17,PDC-Av-Aquat-2,1.2-1.3,AV,,2,Hydrocotn,1.251,
TERRG-summer,10,Aveg,B-4,16,PDC-Av-Aquat-1,1.2-1.3,AV,,1,Potamogeton,1.275,
TERRG-summer,10,Aveg,B-7,19,PLC-Av-Aquat-1,1.2-1.3,AV,,1,Potamogeton,1.292,
TERRG-summer,10,Aveg,B-1,13,SFC-Av-Aquat-1,1.2-1.3,AV,,1,Potamogeton,1.227,
TERRG-summer,10,Aveg,A-12,12,TRC-Av-Aquat-1,1.2-1.3,AV,,1,Potamogeton,1.226,
TERRG-summer,10,Aveg,C-1,25,WMC-Av-Aquat-2,1.2-1.3,AV,,2,Teucrium,1.279,
TERRG-Summer,1,fish,C-12,36,SFC-fi-A.mex-2,SFC,A.mexicanus,42,2,,,0.374
TERRG-Summer,1,fish,A-10,10,SFC-fi-A.mex-1,SFC,A.mexicanus,60,1,,,0.377
TERRG-Summer,1,fish,C-8,32,SFC-fi-A.mex-4,SFC,A.mexicanus,62,4,,,0.336
TERRG-Summer,1,fish,C-5,29,SFC-fi-A.mex-1,SFC,A.mexicanus,63,1,,,0.385
TERRG-Summer,1,fish,C-6,30,SFC-fi-A.mex-2,SFC,A.mexicanus,64,2,,,0.372
TERRG-Summer,1,fish,C-7,31,SFC-fi-A.mex-3,SFC,A.mexicanus,65,3,,,0.318
TERRG-Summer,1,fish,C-11,35,SFC-fi-A.mex-1,SFC,A.mexicanus,66,1,,,0.407
TERRG-summer,9,fish,C-3,27,TRC-fi-A.mex-1,0.3-0.4,A.mexicanus,81,1,,0.346,
TERRG-summer,6,fish,D-7,43,PLC-fi-A.nat-5,0.3-0.4,A.natalis,40,5,,0.379,
TERRG-summer,6,fish,D-6,42,PLC-fi-A.nat-4,0.3-0.4,A.natalis,41,4,,0.362,
TERRG-summer,6,fish,D-8,44,PLC-fi-A.nat-6,0.3-0.4,A.natalis,43,6,,0.322,
TERRG-summer,6,fish,D-5,41,PLC-fi-A.nat-3,0.3-0.4,A.natalis,53,3,,0.332,
TERRG-summer,6,fish,D-4,40,PLC-fi-A.nat-2,0.3-0.4,A.natalis,136,2,,0.322,
TERRG-summer,6,fish,D-3,39,PLC-fi-A.nat-1,0.3-0.4,A.natalis,142,1,,0.37,
TERRG-summer,5,fish,D-4,40,AR-fi-C.lut-3,0.3-0.4,C.lutrensis,35,3,,0.309,
TERRG-summer,5,fish,D-11,47,AR-fi-C.lut-10,0.3-0.4,C.lutrensis,35,10,,0.382,
TERRG-summer,5,fish,D-3,39,AR-fi-C.lut-2,0.3-0.4,C.lutrensis,38,2,,0.388,
TERRG-summer,5,fish,D-6,42,AR-fi-C.lut-5,0.3-0.4,C.lutrensis,38,5,,0.388,
TERRG-summer,5,fish,D-7,43,AR-fi-C.lut-6,0.3-0.4,C.lutrensis,38,6,,0.364,
TERRG-summer,5,fish,D-10,46,AR-fi-C.lut-9,0.3-0.4,C.lutrensis,38,9,,0.351,
TERRG-summer,7,fish,D-10,46,PLC-fi-C.lut-8,0.3-0.4,C.lutrensis,39,8,,0.315,
TERRG-summer,5,fish,D-5,41,AR-fi-C.lut-4,0.3-0.4,C.lutrensis,40,4,,0.386,
TERRG-summer,7,fish,D-7,43,PLC-fi-C.lut-5,0.3-0.4,C.lutrensis,40,5,,0.393,
TERRG-summer,7,fish,D-9,45,PLC-fi-C.lut-7,0.3-0.4,C.lutrensis,40,7,,0.306,
TERRG-summer,7,fish,D-8,44,PLC-fi-C.lut-6,0.3-0.4,C.lutrensis,42,6,,0.338,
TERRG-summer,5,fish,D-2,38,AR-fi-C.lut-1,0.3-0.4,C.lutrensis,43,1,,0.3,
TERRG-summer,5,fish,D-8,44,AR-fi-C.lut-7,0.3-0.4,C.lutrensis,45,7,,0.335,
TERRG-summer,7,fish,D-3,39,PLC-fi-C.lut-1,0.3-0.4,C.lutrensis,45,1,,0.368,
TERRG-summer,5,fish,D-9,45,AR-fi-C.lut-8,0.3-0.4,C.lutrensis,48,8,,0.313,
TERRG-summer,7,fish,D-5,41,PLC-fi-C.lut-3,0.3-0.4,C.lutrensis,51,3,,0.389,
TERRG-summer,7,fish,D-6,42,PLC-fi-C.lut-4,0.3-0.4,C.lutrensis,51,4,,0.344,
TERRG-summer,7,fish,D-4,40,PLC-fi-C.lut-2,0.3-0.4,C.lutrensis,53,2,,0.329,
TERRG-summer,9,fish,D-9,45,TRC-fi-C.var-1,0.3-0.4,C.variegatus,46,1,,0.343,
TERRG-summer,9,fish,D-10,46,TRC-fi-C.var-2,0.3-0.4,C.variegatus,46,2,,0.384,
TERRG-summer,3,fish,D-10,46,WMC-fi-C.ven-4,0.3-0.4,C.venusta,47,4,"""1/2""",0.358,
TERRG-summer,3,fish,D-11,47,WMC-fi-C.ven-5,0.3-0.4,C.venusta,47,5,"""2/2""",0.364,
TERRG-summer,4,fish,A-6,6,WMC-fi-C.ven-1,0.3-0.4,C.venusta,47,1,,0.305,
TERRG-summer,3,fish,D-8,44,WMC-fi-C.ven-2,0.3-0.4,C.venusta,56,2,,0.369,
TERRG-summer,3,fish,D-9,45,WMC-fi-C.ven-3,0.3-0.4,C.venusta,57,3,,0.38,
TERRG-summer,4,fish,D-9,45,EMC-fi-C.ven-1,0.3-0.4,C.venusta,62,1,,0.312,
TERRG-summer,3,fish,D-7,43,WMC-fi-C.ven-1,0.3-0.4,C.venusta,81,1,,0.301,
TERRG-summer,6,fish,A-9,9,MR-fi-D.mac-1,0.3-0.4,D.maculatus,390,1,,0.34,
TERRG-summer,8,fish,C-7,31,PDC-fi-F.chr-2,PDC,F.chrysotus,41,2,,,0.303
TERRG-summer,8,fish,C-6,30,PDC-fi-F.chr-1,PDC,F.chrysotus,50,1,,,0.359
TERRG-summer,3,fish,B-1,13,GC-fi-F.chr-1,0.3-0.4,F.chrysotus,57,1,,0.322,
TERRG-summer,8,fish,C-5,29,PDC-fi-F.gra-2,PDC,F.grandis,45,2,,,0.367
TERRG-summer,8,fish,C-4,28,PDC-fi-F.gra-1,PDC,F.grandis,48,1,,,0.362
TERRG-summer,3,fish,B-2,14,GC-fi-F.gra-1,0.3-0.4,F.grandis,56,1,,0.367,
TERRG-summer,8,fish,C-8,32,PDC-fi-F.not-1,PDC,F.notatus,45,1,,,0.322
TERRG-summer,3,fish,C-1,25,GC-fi-G.aff-9,0.3-0.4,G.affinis,21,9,,0.349,
TERRG-summer,9,fish,A-11,11,PDC-fi-G.aff-5,0.3-0.4,G.affinis,24,5,,0.349,
TERRG-summer,2,fish,A-6,6,SFC-fi-G.aff-4,0.3-0.4,G.affinis,24,4,,0.381,
TERRG-summer,2,fish,A-10,10,SFC-fi-G.aff-8,0.3-0.4,G.affinis,24,8,,0.32,
TERRG-Summer,1,fish,D-9,45,SFC-fi-G.aff-1,SFC,G.affinis,25,1,,,0.357
TERRG-summer,5,fish,A-9,9,EMC-fi-G.aff-5,0.3-0.4,G.affinis,26,5,,0.328,
TERRG-summer,2,fish,A-8,8,SFC-fi-G.aff-6,0.3-0.4,G.affinis,26,6,,0.383,
TERRG-Summer,1,fish,D-10,46,SFC-fi-G.aff-2,SFC,G.affinis,27,2,,,0.339
TERRG-summer,8,fish,B-2,14,PLC-fi-G.aff-10,PLC,G.affinis,27,10,,,0.337
TERRG-summer,4,fish,B-3,15,WMC-fi-G.aff-9,0.3-0.4,G.affinis,27,9,,0.307,
TERRG-summer,4,fish,B-4,16,WMC-fi-G.aff-10,0.3-0.4,G.affinis,27,10,,0.321,
TERRG-summer,4,fish,A-11,11,WMC-fi-G.aff-5,0.3-0.4,G.affinis,28,5,,0.316,
TERRG-Summer,1,fish,D-11,47,SFC-fi-G.aff-3,SFC,G.affinis,30,3,,,0.359
TERRG-summer,8,fish,B-1,13,PLC-fi-G.aff-9,PLC,G.affinis,30,9,,,0.304
TERRG-summer,3,fish,B-9,21,GC-fi-G.aff-5,0.3-0.4,G.affinis,30,5,,0.333,
TERRG-summer,8,fish,A-12,12,PLC-fi-G.aff-8,PLC,G.affinis,31,8,,,0.355
TERRG-summer,4,fish,A-9,9,WMC-fi-G.aff-3,0.3-0.4,G.affinis,31,3,,0.361,
TERRG-summer,2,fish,A-7,7,SFC-fi-G.aff-5,0.3-0.4,G.affinis,33,5,,0.302,
TERRG-summer,5,fish,A-8,8,EMC-fi-G.aff-4,0.3-0.4,G.affinis,34,4,,0.395,
TERRG-summer,8,fish,A-11,11,PLC-fi-G.aff-7,PLC,G.affinis,34,7,,,0.3
TERRG-summer,9,fish,A-9,9,PDC-fi-G.aff-3,0.3-0.4,G.affinis,34,3,,0.311,
TERRG-summer,9,fish,A-10,10,PDC-fi-G.aff-4,0.3-0.4,G.affinis,34,4,,0.359,
TERRG-summer,8,fish,A-10,10,PLC-fi-G.aff-6,PLC,G.affinis,35,6,,,0.381
TERRG-summer,9,fish,A-8,8,PDC-fi-G.aff-2,0.3-0.4,G.affinis,35,2,,0.33,
TERRG-summer,2,fish,A-9,9,SFC-fi-G.aff-7,0.3-0.4,G.affinis,35,7,,0.35,
TERRG-summer,4,fish,D-11,47,EMC-fi-G.aff-1,0.3-0.4,G.affinis,36,1,,0.384,
TERRG-summer,5,fish,A-6,6,EMC-fi-G.aff-2,0.3-0.4,G.affinis,36,2,,0.407,
TERRG-summer,3,fish,B-4,16,GC-fi-G.aff-1,0.3-0.4,G.affinis,37,1,,0.315,
TERRG-summer,3,fish,B-12,24,GC-fi-G.aff-8,0.3-0.4,G.affinis,37,8,,0.363,
TERRG-summer,2,fish,A-12,12,SFC-fi-G.aff-10,0.3-0.4,G.affinis,37,10,,0.353,
TERRG-summer,5,fish,A-7,7,EMC-fi-G.aff-3,0.3-0.4,G.affinis,38,3,,0.302,
TERRG-summer,8,fish,A-9,9,PLC-fi-G.aff-5,PLC,G.affinis,38,5,,,0.319
TERRG-summer,9,fish,A-7,7,PDC-fi-G.aff-1,0.3-0.4,G.affinis,38,1,,0.396,
TERRG-summer,3,fish,B-7,19,GC-fi-G.aff-3,0.3-0.4,G.affinis,39,3,,0.354,
TERRG-summer,4,fish,B-1,13,WMC-fi-G.aff-7,0.3-0.4,G.affinis,39,7,,0.342,
TERRG-summer,3,fish,B-10,22,GC-fi-G.aff-6,0.3-0.4,G.affinis,40,6,,0.353,
TERRG-summer,4,fish,A-7,7,WMC-fi-G.aff-1,0.3-0.4,G.affinis,41,1,,0.312,
TERRG-summer,4,fish,A-8,8,WMC-fi-G.aff-2,0.3-0.4,G.affinis,41,2,,0.308,
TERRG-summer,4,fish,A-12,12,WMC-fi-G.aff-6,0.3-0.4,G.affinis,41,6,,0.347,
TERRG-summer,8,fish,A-6,6,PLC-fi-G.aff-2,PLC,G.affinis,42,2,,,0.36
TERRG-summer,3,fish,B-8,20,GC-fi-G.aff-4,0.3-0.4,G.affinis,42,4,,0.332,
TERRG-summer,8,fish,A-8,8,PLC-fi-G.aff-4,PLC,G.affinis,43,4,,,0.335
TERRG-summer,3,fish,B-11,23,GC-fi-G.aff-7,0.3-0.4,G.affinis,43,7,,0.307,
TERRG-summer,4,fish,B-2,14,WMC-fi-G.aff-8,0.3-0.4,G.affinis,44,8,,0.355,
TERRG-summer,8,fish,A-7,7,PLC-fi-G.aff-3,PLC,G.affinis,45,3,,,0.348
TERRG-summer,9,fish,D-8,44,PDC-fi-G.aff-1,0.3-0.4,G.affinis,45,1,,0.364,
TERRG-summer,2,fish,A-11,11,SFC-fi-G.aff-9,0.3-0.4,G.affinis,45,9,,0.352,
TERRG-summer,4,fish,A-10,10,WMC-fi-G.aff-4,0.3-0.4,G.affinis,45,4,,0.332,
TERRG-summer,3,fish,B-5,17,GC-fi-G.aff-2,0.3-0.4,G.affinis,46,2,,0.321,
TERRG-summer,7,fish,D-11,47,PLC-fi-G.aff-1,0.3-0.4,G.affinis,46,1,,0.377,
TERRG-summer,7,fish,A-6,6,MR-fi-H.cya-2,0.3-0.4,H.cyanoguttatus,43,2,,0.386,
TERRG-summer,8,fish,C-3,27,PDC-fi-H.cya-1,PDC,H.cyanoguttatus,44,1,,,0.331
TERRG-summer,5,fish,B-3,15,AR-fi-H.cya-4,0.3-0.4,H.cyanoguttatus,45,4,,0.352,
TERRG-summer,5,fish,B-2,14,AR-fi-H.cya-3,0.3-0.4,H.cyanoguttatus,85,3,,0.378,
TERRG-Summer,1,fish,A-7,7,SFC-fi-H.cya-2,SFC,H.cyanoguttatus,95,2,,,0.342
TERRG-summer,6,fish,C-1,25,MR-fi-H.cya-1,0.3-0.4,H.cyanoguttatus,105,1,,0.315,
TERRG-Summer,1,fish,A-8,8,SFC-fi-H.cya-3,SFC,H.cyanoguttatus,111,3,,,0.3
TERRG-summer,5,fish,B-1,13,AR-fi-H.cya-2,0.3-0.4,H.cyanoguttatus,112,2,,0.308,
TERRG-summer,9,fish,C-1,25,TRC-fi-H.cya-1,0.3-0.4,H.cyanoguttatus,116,1,"""86-116""",0.383,
TERRG-summer,9,fish,C-2,26,TRC-fi-H.cya-2,0.3-0.4,H.cyanoguttatus,116,2,,0.347,
TERRG-Summer,1,fish,A-6,6,SFC-fi-H.cya-1,SFC,H.cyanoguttatus,194,1,,,0.332
TERRG-summer,5,fish,A-12,12,AR-fi-H.cya-1,0.3-0.4,H.cyanoguttatus,210,1,,0.327,
TERRG-summer,6,fish,C-12,36,PLC-fi-I.pun-1,0.3-0.4,I.punctatus,110,1,,0.364,
TERRG-summer,6,fish,A-6,6,AR-fi-I.pun-1,0.3-0.4,I.punctatus,120,1,,0.404,
TERRG-summer,8,fish,B-3,15,PDC-fi-L.aur-1,PDC,L.auritus,167,1,,,0.364
TERRG-Summer,1,fish,C-1,25,SFC-fi-L.cya-2,SFC,L.cyanellus,24,2,,,0.316
TERRG-summer,8,fish,B-11,23,PDC-fi-L.cya-7,PDC,L.cyanellus,42,7,,,0.334
TERRG-summer,8,fish,B-10,22,PDC-fi-L.cya-6,PDC,L.cyanellus,51,6,,,0.309
TERRG-summer,8,fish,B-9,21,PDC-fi-L.cya-5,PDC,L.cyanellus,52,5,,,0.318
TERRG-Summer,1,fish,C-2,26,SFC-fi-L.cya-3,SFC,L.cyanellus,59,3,,,0.355
TERRG-summer,8,fish,B-8,20,PDC-fi-L.cya-4,PDC,L.cyanellus,71,4,,,0.353
TERRG-summer,9,fish,B-12,24,TRC-fi-L.cya-1,0.3-0.4,L.cyanellus,73,1,,0.331,
TERRG-summer,8,fish,B-7,19,PDC-fi-L.cya-3,PDC,L.cyanellus,75,3,,,0.346
TERRG-summer,7,fish,A-7,7,PLC-fi-L.cya-1,0.3-0.4,L.cyanellus,79,1,"""L.CRANOLLUS""",0.37,
TERRG-Summer,1,fish,A-9,9,SFC-fi-L.cya-1,SFC,L.cyanellus,82,1,,,0.393
TERRG-summer,3,fish,D-4,40,WMC-fi-L.cya-1,0.3-0.4,L.cyanellus,85,1,,0.321,
TERRG-summer,5,fish,C-1,25,AR-fi-L.cya-1,0.3-0.4,L.cyanellus,90,1,,0.337,
TERRG-summer,6,fish,B-10,22,MR-fi-L.cya-1,0.3-0.4,L.cyanellus,91,1,,0.37,
TERRG-summer,6,fish,D-11,47,PLC-fi-L.cya-3,0.3-0.4,L.cyanellus,94,3,"""L.CRANOLLUS""",0.398,
TERRG-summer,6,fish,D-10,46,PLC-fi-L.cya-2,0.3-0.4,L.cyanellus,95,2,"""L.CRANOLLUS""",0.381,
TERRG-summer,8,fish,B-5,17,PDC-fi-L.cya-2,PDC,L.cyanellus,96,2,,,0.379
TERRG-Summer,1,fish,B-12,24,SFC-fi-L.cya-1,SFC,L.cyanellus,100,1,,,0.353
TERRG-summer,6,fish,B-11,23,MR-fi-L.cya-2,0.3-0.4,L.cyanellus,103,2,,0.325,
TERRG-summer,6,fish,D-9,45,PLC-fi-L.cya-1,0.3-0.4,L.cyanellus,103,1,"""L.CRAOLLUS""",0.344,
TERRG-summer,8,fish,B-4,16,PDC-fi-L.cya-1,PDC,L.cyanellus,110,1,,,0.314
TERRG-summer,6,fish,B-12,24,MR-fi-L.gul-1,0.3-0.4,L.gullosus,125,1,,0.358,
TERRG-summer,2,fish,B-5,17,GC-fi-L.gul-1,0.3-0.4,L.gulosus,57,1,,0.4,
TERRG-summer,2,fish,B-8,20,GC-fi-L.gul-3,0.3-0.4,L.gulosus,62,3,,0.345,
TERRG-summer,4,fish,B-11,23,EMC-fi-L.gul-2,0.3-0.4,L.gulosus,75,2,,0.304,
TERRG-summer,2,fish,B-7,19,GC-fi-L.gul-2,0.3-0.4,L.gulosus,83,2,,0.382,
TERRG-summer,4,fish,B-10,22,EMC-fi-L.gul-1,0.3-0.4,L.gulosus,85,1,,0.37,
TERRG-summer,5,fish,D-1,37,AR-fi-L.gul-1,0.3-0.4,L.gulosus,120,1,,0.34,
TERRG-summer,4,fish,D-8,44,EMC-fi-L.mac-10,0.3-0.4,L.macrochirus,32,10,,0.359,
TERRG-summer,5,fish,B-12,24,AR-fi-L.mac-8,0.3-0.4,L.macrochirus,35,8,,0.363,
TERRG-summer,3,fish,D-5,41,WMC-fi-L.mac-1,0.3-0.4,L.macrochirus,35,1,,0.381,
TERRG-summer,5,fish,B-11,23,AR-fi-L.mac-7,0.3-0.4,L.macrochirus,38,7,,0.356,
TERRG-summer,4,fish,D-7,43,EMC-fi-L.mac-9,0.3-0.4,L.macrochirus,38,9,,0.391,
TERRG-summer,5,fish,B-9,21,AR-fi-L.mac-5,0.3-0.4,L.macrochirus,45,5,,0.324,
TERRG-summer,4,fish,D-4,40,EMC-fi-L.mac-6,0.3-0.4,L.macrochirus,46,6,,0.314,
TERRG-summer,4,fish,D-5,41,EMC-fi-L.mac-7,0.3-0.4,L.macrochirus,46,7,,0.368,
TERRG-summer,9,fish,B-4,16,PDC-fi-L.mac-5,0.3-0.4,L.macrochirus,47,5,"""hybrid""",0.345,
TERRG-summer,5,fish,B-8,20,AR-fi-L.mac-4,0.3-0.4,L.macrochirus,48,4,,0.374,
TERRG-summer,6,fish,B-7,19,MR-fi-L.mac-1,0.3-0.4,L.macrochirus,49,1,,0.317,
TERRG-summer,9,fish,B-3,15,PDC-fi-L.mac-4,0.3-0.4,L.macrochirus,49,4,"""hybrid""",0.38,
TERRG-summer,5,fish,B-7,19,AR-fi-L.mac-3,0.3-0.4,L.macrochirus,50,3,,0.394,
TERRG-summer,5,fish,B-10,22,AR-fi-L.mac-6,0.3-0.4,L.macrochirus,50,6,,0.314,
TERRG-summer,4,fish,D-6,42,EMC-fi-L.mac-8,0.3-0.4,L.macrochirus,50,8,,0.326,
TERRG-summer,2,fish,B-10,22,GC-fi-L.mac-2,0.3-0.4,L.macrochirus,51,2,,0.395,
TERRG-summer,9,fish,B-2,14,PDC-fi-L.mac-3,0.3-0.4,L.macrochirus,55,3,"""hybrid""",0.334,
TERRG-summer,6,fish,B-8,20,MR-fi-L.mac-2,0.3-0.4,L.macrochirus,58,2,,0.335,
TERRG-summer,2,fish,B-11,23,GC-fi-L.mac-3,0.3-0.4,L.macrochirus,59,3,,0.404,
TERRG-summer,6,fish,B-9,21,MR-fi-L.mac-3,0.3-0.4,L.macrochirus,60,3,,0.369,
TERRG-summer,4,fish,D-3,39,EMC-fi-L.mac-5,0.3-0.4,L.macrochirus,61,5,,0.311,
TERRG-summer,2,fish,B-9,21,GC-fi-L.mac-1,0.3-0.4,L.macrochirus,63,1,,0.315,
TERRG-summer,7,fish,B-11,23,PLC-fi-L.mac-6,0.3-0.4,L.macrochirus,66,6,,0.317,
TERRG-summer,4,fish,D-2,38,EMC-fi-L.mac-4,0.3-0.4,L.macrochirus,69,4,,0.366,
TERRG-Summer,1,fish,B-3,15,SFC-fi-L.mac-4,SFC,L.macrochirus,70,4,,,0.35
TERRG-Summer,1,fish,B-2,14,SFC-fi-L.mac-3,SFC,L.macrochirus,71,3,,,0.306
TERRG-Summer,1,fish,B-10,22,SFC-fi-L.mac-4,SFC,L.macrochirus,71,4,,,0.342
TERRG-Summer,1,fish,B-5,17,SFC-fi-L.mac-6,SFC,L.macrochirus,73,6,,,0.354
TERRG-summer,4,fish,D-1,37,EMC-fi-L.mac-3,0.3-0.4,L.macrochirus,74,3,,0.377,
TERRG-summer,9,fish,B-1,13,PDC-fi-L.mac-2,0.3-0.4,L.macrochirus,74,2,"""hybrid""",0.321,
TERRG-Summer,1,fish,B-11,23,SFC-fi-L.mac-5,SFC,L.macrochirus,75,5,,,0.397
TERRG-summer,7,fish,B-10,22,PLC-fi-L.mac-5,0.3-0.4,L.macrochirus,75,5,,0.333,
TERRG-summer,7,fish,B-9,21,PLC-fi-L.mac-4,0.3-0.4,L.macrochirus,77,4,,0.339,
TERRG-summer,5,fish,B-5,17,AR-fi-L.mac-2,0.3-0.4,L.macrochirus,78,2,,0.317,
TERRG-Summer,1,fish,B-4,16,SFC-fi-L.mac-5,SFC,L.macrochirus,78,5,,,0.355
TERRG-summer,8,fish,C-1,25,PDC-fi-L.mac-2,PDC,L.macrochirus,83,2,,,0.393
TERRG-Summer,1,fish,B-8,20,SFC-fi-L.mac-2,SFC,L.macrochirus,86,2,,,0.369
TERRG-Summer,1,fish,B-9,21,SFC-fi-L.mac-3,SFC,L.macrochirus,87,3,,,0.376
TERRG-summer,4,fish,C-12,36,EMC-fi-L.mac-2,0.3-0.4,L.macrochirus,91,2,,0.382,
TERRG-summer,8,fish,B-12,24,PDC-fi-L.mac-1,PDC,L.macrochirus,91,1,,,0.369
TERRG-Summer,1,fish,B-7,19,SFC-fi-L.mac-1,SFC,L.macrochirus,97,1,,,0.406
TERRG-summer,4,fish,C-11,35,EMC-fi-L.mac-1,0.3-0.4,L.macrochirus,105,1,,0.391,
TERRG-Summer,1,fish,B-1,13,SFC-fi-L.mac-2,SFC,L.macrochirus,105,2,,,0.354
TERRG-summer,7,fish,B-8,20,PLC-fi-L.mac-3,0.3-0.4,L.macrochirus,107,3,,0.382,
TERRG-summer,3,fish,D-6,42,WMC-fi-L.mac-2,0.3-0.4,L.macrochirus,107,2,,0.304,
TERRG-summer,6,fish,B-5,17,MR-fi-L.mac-2,0.3-0.4,L.macrochirus,113,2,,0.352,
TERRG-summer,9,fish,A-12,12,PDC-fi-L.mac-1,0.3-0.4,L.macrochirus,114,1,"""hybrid""",0.365,
TERRG-summer,5,fish,B-4,16,AR-fi-L.mac-1,0.3-0.4,L.macrochirus,122,1,,0.356,
TERRG-summer,7,fish,B-5,17,PLC-fi-L.mac-1,0.3-0.4,L.macrochirus,125,1,,0.314,
TERRG-summer,7,fish,B-7,19,PLC-fi-L.mac-2,0.3-0.4,L.macrochirus,132,2,,0.349,
TERRG-summer,6,fish,B-4,16,MR-fi-L.mac-1,0.3-0.4,L.macrochirus,140,1,,0.392,
TERRG-summer,9,fish,B-5,17,TRC-fi-L.mac-6,0.3-0.4,L.macrochirus,155,6,"""83-155""",0.365,
TERRG-summer,9,fish,B-7,19,TRC-fi-L.mac-1,0.3-0.4,L.macrochirus,155,1,"""83-155""",0.36,
TERRG-summer,9,fish,B-8,20,TRC-fi-L.mac-2,0.3-0.4,L.macrochirus,155,2,"""83-155""",0.355,
TERRG-summer,9,fish,B-9,21,TRC-fi-L.mac-3,0.3-0.4,L.macrochirus,155,3,"""83-155""",0.351,
TERRG-summer,9,fish,B-10,22,TRC-fi-L.mac-4,0.3-0.4,L.macrochirus,155,4,"""83-155""",0.334,
TERRG-summer,5,fish,A-10,10,EMC-fi-L.meg-1,0.3-0.4,L.megalotis,25,1,"""juvenile sunfish""",0.385,
TERRG-summer,5,fish,C-12,36,AR-fi-L.meg-9,0.3-0.4,L.megalotis,38,9,,0.381,
TERRG-summer,2,fish,D-8,44,GC-fi-L.meg-10,0.3-0.4,L.megalotis,51,10,,0.389,
TERRG-summer,5,fish,C-11,35,AR-fi-L.meg-8,0.3-0.4,L.megalotis,52,8,,0.331,
TERRG-summer,5,fish,C-5,29,AR-fi-L.meg-4,0.3-0.4,L.megalotis,53,4,,0.33,
TERRG-summer,5,fish,C-8,32,AR-fi-L.meg-7,0.3-0.4,L.megalotis,54,7,,0.334,
TERRG-summer,5,fish,C-7,31,AR-fi-L.meg-6,0.3-0.4,L.megalotis,55,6,,0.389,
TERRG-summer,7,fish,B-3,15,PLC-fi-L.meg-8,0.3-0.4,L.megalotis,55,8,,0.317,
TERRG-summer,7,fish,B-4,16,PLC-fi-L.meg-9,0.3-0.4,L.megalotis,56,9,,0.321,
TERRG-summer,2,fish,D-5,41,GC-fi-L.meg-7,0.3-0.4,L.megalotis,57,7,,0.33,
TERRG-summer,2,fish,D-7,43,GC-fi-L.meg-9,0.3-0.4,L.megalotis,58,9,,0.346,
TERRG-summer,2,fish,D-6,42,GC-fi-L.meg-8,0.3-0.4,L.megalotis,60,8,,0.321,
TERRG-summer,7,fish,B-2,14,PLC-fi-L.meg-7,0.3-0.4,L.megalotis,62,7,,0.339,
TERRG-summer,5,fish,C-6,30,AR-fi-L.meg-5,0.3-0.4,L.megalotis,63,5,,0.302,
TERRG-summer,2,fish,D-4,40,GC-fi-L.meg-6,0.3-0.4,L.megalotis,63,6,,0.306,
TERRG-summer,7,fish,B-1,13,PLC-fi-L.meg-6,0.3-0.4,L.megalotis,63,6,,0.304,
TERRG-summer,5,fish,C-4,28,AR-fi-L.meg-3,0.3-0.4,L.megalotis,77,3,,0.339,
TERRG-summer,2,fish,C-12,36,GC-fi-L.meg-2,0.3-0.4,L.megalotis,77,2,,0.345,
TERRG-summer,5,fish,A-11,11,EMC-fi-L.meg-2,0.3-0.4,L.megalotis,79,2,,0.346,
TERRG-summer,2,fish,D-2,38,GC-fi-L.meg-4,0.3-0.4,L.megalotis,79,4,,0.401,
TERRG-summer,5,fish,C-2,26,AR-fi-L.meg-1,0.3-0.4,L.megalotis,86,1,,0.303,
TERRG-summer,7,fish,C-11,35,PLC-fi-L.meg-1,0.3-0.4,L.megalotis,86,1,,0.356,
TERRG-summer,7,fish,A-12,12,PLC-fi-L.meg-5,0.3-0.4,L.megalotis,89,5,,0.352,
TERRG-summer,5,fish,C-3,27,AR-fi-L.meg-2,0.3-0.4,L.megalotis,91,2,,0.338,
TERRG-summer,2,fish,D-1,37,GC-fi-L.meg-3,0.3-0.4,L.megalotis,91,3,,0.336,
TERRG-summer,2,fish,D-3,39,GC-fi-L.meg-5,0.3-0.4,L.megalotis,91,5,,0.376,
TERRG-summer,7,fish,A-11,11,PLC-fi-L.meg-4,0.3-0.4,L.megalotis,97,4,,0.386,
TERRG-summer,7,fish,A-10,10,PLC-fi-L.meg-3,0.3-0.4,L.megalotis,103,3,,0.354,
TERRG-summer,7,fish,A-9,9,PLC-fi-L.meg-2,0.3-0.4,L.megalotis,118,2,,0.346,
TERRG-summer,7,fish,A-8,8,PLC-fi-L.meg-1,0.3-0.4,L.megalotis,128,1,,0.383,
TERRG-summer,2,fish,C-11,35,GC-fi-L.meg-1,0.3-0.4,L.megalotis,147,1,,0.39,
TERRG-summer,4,fish,B-5,17,WMC-fi-L.meg-1,0.3-0.4,L.megalotus,21,1,juvenile,0.331,
TERRG-summer,4,fish,C-8,32,EMC-fi-L.meg-9,0.3-0.4,L.megalotus,38,9,,0.329,
TERRG-summer,4,fish,C-7,31,EMC-fi-L.meg-8,0.3-0.4,L.megalotus,41,8,,0.326,
TERRG-summer,3,fish,D-2,38,WMC-fi-L.meg-7,0.3-0.4,L.megalotus,48,7,,0.368,
TERRG-summer,3,fish,D-3,39,WMC-fi-L.meg-8,0.3-0.4,L.megalotus,49,8,,0.35,
TERRG-summer,4,fish,C-5,29,EMC-fi-L.meg-6,0.3-0.4,L.megalotus,51,6,,0.359,
TERRG-summer,4,fish,C-6,30,EMC-fi-L.meg-7,0.3-0.4,L.megalotus,51,7,,0.37,
TERRG-summer,4,fish,C-4,28,EMC-fi-L.meg-5,0.3-0.4,L.megalotus,52,5,,0.424,
TERRG-summer,3,fish,D-1,37,WMC-fi-L.meg-6,0.3-0.4,L.megalotus,53,6,,0.377,
TERRG-summer,3,fish,C-12,36,WMC-fi-L.meg-5,0.3-0.4,L.megalotus,54,5,,0.35,
TERRG-summer,3,fish,C-11,35,WMC-fi-L.meg-4,0.3-0.4,L.megalotus,55,4,,0.364,
TERRG-summer,4,fish,C-3,27,EMC-fi-L.meg-4,0.3-0.4,L.megalotus,63,4,,0.365,
TERRG-summer,3,fish,C-7,31,WMC-fi-L.meg-2,0.3-0.4,L.megalotus,71,2,,0.301,
TERRG-summer,4,fish,C-1,25,EMC-fi-L.meg-2,0.3-0.4,L.megalotus,75,2,,0.355,
TERRG-summer,4,fish,C-2,26,EMC-fi-L.meg-3,0.3-0.4,L.megalotus,75,3,,0.387,
TERRG-summer,3,fish,C-8,32,WMC-fi-L.meg-3,0.3-0.4,L.megalotus,76,3,,0.332,
TERRG-summer,4,fish,B-12,24,EMC-fi-L.meg-1,0.3-0.4,L.megalotus,78,1,,0.367,
TERRG-summer,3,fish,C-4,28,GC-fi-L.meg-1,0.3-0.4,L.megalotus,86,1,,0.312,
TERRG-summer,3,fish,C-6,30,WMC-fi-L.meg-1,0.3-0.4,L.megalotus,145,1,,0.358,
TERRG-Summer,1,fish,A-12,12,SFC-fi-L.mic-1,SFC,L.microlophus,146,1,,,0.301
TERRG-summer,2,fish,C-1,25,GC-fi-L.min-2,0.3-0.4,L.miniatus,27,2,,0.373,
TERRG-summer,2,fish,C-2,26,GC-fi-L.min-3,0.3-0.4,L.miniatus,51,3,,0.326,
TERRG-summer,2,fish,C-8,32,GC-fi-L.min-9,0.3-0.4,L.miniatus,56,9,,0.308,
TERRG-summer,2,fish,C-6,30,GC-fi-L.min-7,0.3-0.4,L.miniatus,57,7,,0.34,
TERRG-summer,2,fish,C-3,27,GC-fi-L.min-4,0.3-0.4,L.miniatus,58,4,,0.343,
TERRG-summer,2,fish,C-4,28,GC-fi-L.min-5,0.3-0.4,L.miniatus,59,5,,0.313,
TERRG-summer,2,fish,C-7,31,GC-fi-L.min-8,0.3-0.4,L.miniatus,59,8,,0.388,
TERRG-summer,2,fish,C-5,29,GC-fi-L.min-6,0.3-0.4,L.miniatus,62,6,,0.387,
TERRG-summer,3,fish,C-3,27,GC-fi-L.min-2,0.3-0.4,L.miniatus,62,2,,0.351,
TERRG-summer,3,fish,C-2,26,GC-fi-L.min-1,0.3-0.4,L.miniatus,65,1,,0.394,
TERRG-summer,2,fish,B-12,24,GC-fi-L.min-1,0.3-0.4,L.miniatus,100,1,,0.331,
TERRG-summer,4,fish,B-9,21,EMC-fi-L.ocu-3,0.3-0.4,L.oculatus,124,3,,0.316,
TERRG-summer,4,fish,B-7,19,EMC-fi-L.ocu-1,0.3-0.4,L.oculatus,280,1,,0.364,
TERRG-summer,4,fish,B-8,20,EMC-fi-L.ocu-2,0.3-0.4,L.oculatus,320,2,,0.301,
TERRG-summer,6,fish,D-1,37,PLC-fi-L.ocu-1,0.3-0.4,L.oculatus,480,1,,0.352,
TERRG-summer,6,fish,D-2,38,PLC-fi-L.ocu-2,0.3-0.4,L.oculatus,480,2,,0.39,
TERRG-summer,6,fish,B-3,15,MR-fi-L.ocu-1,0.3-0.4,L.oculatus,NA,1,,0.345,
TERRG-summer,2,fish,B-1,13,SFC-fi-L.ocu-1,0.3-0.4,L.oculatus,,1,,0.364,
TERRG-summer,2,fish,B-2,14,SFC-fi-L.ocu-2,0.3-0.4,L.oculatus,,2,,0.38,
TERRG-summer,2,fish,B-3,15,SFC-fi-L.ocu-3,0.3-0.4,L.oculatus,,3,,0.406,
TERRG-summer,6,fish,A-10,10,MR-fi-M.cep-1,0.3-0.4,M.cephalus,315,1,168-315,0.301,
TERRG-summer,6,fish,A-11,11,MR-fi-M.cep-2,0.3-0.4,M.cephalus,315,2,168-315,0.322,
TERRG-summer,6,fish,A-12,12,MR-fi-M.cep-3,0.3-0.4,M.cephalus,315,3,168-315,0.309,
TERRG-summer,6,fish,B-1,13,MR-fi-M.cep-4,0.3-0.4,M.cephalus,315,4,168-315,0.303,
TERRG-summer,6,fish,B-2,14,MR-fi-M.cep-5,0.3-0.4,M.cephalus,315,5,168-315,0.342,
TERRG-summer,3,fish,A-11,11,GC-fi-M.sal-9,0.3-0.4,M.salmoides,30,9,,0.387,
TERRG-summer,3,fish,A-12,12,GC-fi-M.sal-10,0.3-0.4,M.salmoides,35,10,,0.333,
TERRG-summer,8,fish,C-2,26,PDC-fi-M.sal-1,PDC,M.salmoides,37,1,,,0.357
TERRG-summer,3,fish,A-7,7,GC-fi-M.sal-5,0.3-0.4,M.salmoides,40,5,,0.339,
TERRG-summer,2,fish,D-9,45,GC-fi-M.sal-1,0.3-0.4,M.salmoides,42,1,,0.344,
TERRG-summer,7,fish,C-3,27,PLC-fi-M.sal-4,0.3-0.4,M.salmoides,44,4,,0.364,
TERRG-summer,3,fish,A-6,6,GC-fi-M.sal-4,0.3-0.4,M.salmoides,46,4,,0.325,
TERRG-summer,3,fish,A-9,9,GC-fi-M.sal-7,0.3-0.4,M.salmoides,46,7,,0.374,
TERRG-summer,3,fish,A-8,8,GC-fi-M.sal-6,0.3-0.4,M.salmoides,47,6,,0.373,
TERRG-summer,2,fish,D-10,46,GC-fi-M.sal-2,0.3-0.4,M.salmoides,50,2,"""1/2""",0.331,
TERRG-summer,2,fish,D-11,47,GC-fi-M.sal-3,0.3-0.4,M.salmoides,50,3,"""2/2""",0.393,
TERRG-summer,6,fish,C-5,29,MR-fi-M.sal-4,0.3-0.4,M.salmoides,50,4,,0.31,
TERRG-summer,7,fish,C-2,26,PLC-fi-M.sal-3,0.3-0.4,M.salmoides,51,3,,0.339,
TERRG-summer,3,fish,A-10,10,GC-fi-M.sal-8,0.3-0.4,M.salmoides,52,8,,0.407,
TERRG-summer,7,fish,C-1,25,PLC-fi-M.sal-2,0.3-0.4,M.salmoides,54,2,,0.387,
TERRG-summer,6,fish,C-4,28,MR-fi-M.sal-3,0.3-0.4,M.salmoides,66,3,,0.32,
TERRG-summer,7,fish,B-12,24,PLC-fi-M.sal-1,0.3-0.4,M.salmoides,67,1,,0.334,
TERRG-summer,6,fish,C-3,27,MR-fi-M.sal-2,0.3-0.4,M.salmoides,75,2,,0.325,
TERRG-summer,6,fish,C-2,26,MR-fi-M.sal-1,0.3-0.4,M.salmoides,79,1,,0.381,
TERRG-summer,3,fish,C-5,29,WMC-fi-M.sal-1,0.3-0.4,M.salmoides,195,1,,0.34,
TERRG-summer,2,fish,B-4,16,SFC-fi-M.sal-1,0.3-0.4,M.salmoides,342,1,mislabeled GC? Odd species @ SFC,0.388,
TERRG-summer,4,fish,D-10,46,EMC-fi-N.tex-1,0.3-0.4,N.texanus,38,1,"""unknown shiner""",0.339,
TERRG-summer,3,fish,B-3,15,GC-fi-N.tex-1,0.3-0.4,N.texanus,60,1,,0.317,
TERRG-Summer,1,fish,C-4,28,SFC-fi-O.aur-2,SFC,O.aureus,17,2,,not enough material,0.223
TERRG-Summer,1,fish,C-3,27,SFC-fi-O.aur-1,SFC,O.aureus,72,1,,,0.333
TERRG-summer,9,fish,B-11,23,TRC-fi-O.aur-1,0.3-0.4,O.aureus,164,1,,0.318,
TERRG-summer,6,fish,A-8,8,AR-fi-P.cla-2,0.3-0.4,P.clarkii,49,2,"""Faxonius""",0.396,
TERRG-summer,9,fish,D-6,42,WMC-fi-P.cla-4,0.3-0.4,P.clarkii,50,4,"""Faxonius""",0.387,
TERRG-summer,9,fish,D-5,41,WMC-fi-P.cla-3,0.3-0.4,P.clarkii,57,3,"""Faxonius""",0.301,
TERRG-summer,9,fish,D-4,40,EMC-fi-P.cla-2,0.3-0.4,P.clarkii,60,2,"""Faxonius""",0.383,
TERRG-summer,9,fish,D-3,39,EMC-fi-P.cla-1,0.3-0.4,P.clarkii,63,1,"""Faxonius""",0.329,
TERRG-summer,6,fish,A-7,7,AR-fi-P.cla-1,0.3-0.4,P.clarkii,91,1,"""Faxonius""",0.362,
TERRG-summer,6,fish,C-11,35,MR-fi-P.for-1,0.3-0.4,P.formosa,40,1,395-480,0.389,
TERRG-summer,9,fish,D-7,43,MR-fi-P.for-1,0.3-0.4,P.formosa,45,1,,0.383,
TERRG-summer,9,fish,D-2,38,TRC-fi-P.lat-4,0.3-0.4,P.latipinna,32,4,,0.339,
TERRG-summer,6,fish,C-7,31,MR-fi-P.lat-2,0.3-0.4,P.latipinna,33,2,,0.323,
TERRG-summer,9,fish,A-6,6,PDC-fi-P.lat-2,0.3-0.4,P.latipinna,37,2,,0.393,
TERRG-summer,9,fish,D-1,37,TRC-fi-P.lat-3,0.3-0.4,P.latipinna,37,3,,0.35,
TERRG-summer,6,fish,C-6,30,MR-fi-P.lat-1,0.3-0.4,P.latipinna,39,1,,0.338,
TERRG-summer,9,fish,C-12,36,TRC-fi-P.lat-2,0.3-0.4,P.latipinna,41,2,,0.358,
TERRG-Summer,1,fish,D-1,37,SFC-fi-P.lat-1,SFC,P.latipinna,44,1,,,0.4
TERRG-Summer,1,fish,D-8,44,SFC-fi-P.lat-8,SFC,P.latipinna,46,8,,,0.37
TERRG-summer,9,fish,C-11,35,TRC-fi-P.lat-1,0.3-0.4,P.latipinna,46,1,,0.371,
TERRG-summer,8,fish,C-11,35,PDC-fi-P.lat-1,PDC,P.latipinna,48,1,,,0.393
TERRG-summer,9,fish,D-11,47,PDC-fi-P.lat-1,0.3-0.4,P.latipinna,48,1,,0.324,
TERRG-Summer,1,fish,D-7,43,SFC-fi-P.lat-7,SFC,P.latipinna,49,7,,,0.316
TERRG-summer,9,fish,C-7,31,TRC-fi-P.lat-4,0.3-0.4,P.latipinna,50,4,,0.349,
TERRG-summer,9,fish,C-6,30,TRC-fi-P.lat-3,0.3-0.4,P.latipinna,51,3,,0.391,
TERRG-Summer,1,fish,D-3,39,SFC-fi-P.lat-3,SFC,P.latipinna,53,3,,,0.389
TERRG-Summer,1,fish,D-2,38,SFC-fi-P.lat-2,SFC,P.latipinna,54,2,,,0.31
TERRG-summer,9,fish,C-8,32,TRC-fi-P.lat-5,0.3-0.4,P.latipinna,54,5,,0.402,
TERRG-summer,7,fish,D-2,38,PLC-fi-P.lat-3,0.3-0.4,P.latipinna,55,3,,0.325,
TERRG-Summer,1,fish,D-4,40,SFC-fi-P.lat-4,SFC,P.latipinna,57,4,,,0.366
TERRG-summer,7,fish,D-1,37,PLC-fi-P.lat-2,0.3-0.4,P.latipinna,57,2,,0.335,
TERRG-summer,7,fish,C-12,36,PLC-fi-P.lat-1,0.3-0.4,P.latipinna,59,1,,0.355,
TERRG-Summer,1,fish,D-6,42,SFC-fi-P.lat-6,SFC,P.latipinna,60,6,,,0.328
TERRG-summer,6,fish,C-8,32,MR-fi-P.lat-3,0.3-0.4,P.latipinna,61,3,,0.324,
TERRG-Summer,1,fish,A-11,11,SFC-fi-P.lat-1,SFC,P.latipinna,62,1,,,0.344
TERRG-summer,7,fish,C-7,31,PLC-fi-P.lat-4,0.3-0.4,P.latipinna,63,4,,0.353,
TERRG-summer,7,fish,C-8,32,PLC-fi-P.lat-5,0.3-0.4,P.latipinna,66,5,,0.315,
TERRG-summer,9,fish,C-4,28,TRC-fi-P.lat-1,0.3-0.4,P.latipinna,66,1,,0.331,
TERRG-Summer,1,fish,D-5,41,SFC-fi-P.lat-5,SFC,P.latipinna,67,5,,,0.319
TERRG-summer,7,fish,C-6,30,PLC-fi-P.lat-3,0.3-0.4,P.latipinna,68,3,,0.366,
TERRG-summer,9,fish,C-5,29,TRC-fi-P.lat-2,0.3-0.4,P.latipinna,68,2,,0.329,
TERRG-summer,7,fish,C-5,29,PLC-fi-P.lat-2,0.3-0.4,P.latipinna,73,2,,0.381,
TERRG-summer,7,fish,C-4,28,PLC-fi-P.lat-1,0.3-0.4,P.latipinna,81,1,,0.394,
TERRG-summer,13,invertebrate,C-12,36,AR-in-baeti-1,0.4-0.5,baetidae,1,1,,0.476,
TERRG-summer,15,invertebrate,A-10,10,GC-in-baeti-1,0.4-0.5,baetidae,1,1,,0.309,
TERRG-summer,15,invertebrate,C-3,27,PDC-in-baeti-1,0.4-0.5,baetidae,2,1,,0.583,
TERRG-summer,12,invertebrate,B-5,17,MR-in-baeti-1,0.4-0.5,baetis,1,1,,0.55,
TERRG-summer,12,invertebrate,B-7,19,MR-in-baeti-2,0.4-0.5,baetis,1,2,,0.596,
TERRG-summer,13,invertebrate,B-5,17,AR-in-belas-1,0.4-0.5,belastomatidae,1,1,,0.403,
TERRG-summer,13,invertebrate,B-7,19,AR-in-belas-2,0.4-0.5,belastomatidae,1,2,,0.414,
TERRG-summer,13,invertebrate,B-8,20,AR-in-belas-3,0.4-0.5,belastomatidae,1,3,,0.493,
TERRG-summer,13,invertebrate,B-9,21,AR-in-belas-4,0.4-0.5,belastomatidae,1,4,,0.452,
TERRG-summer,13,invertebrate,C-11,35,AR-in-caeni-1,0.4-0.5,caenidae,1,1,,0.441,
TERRG-summer,14,invertebrate,B-11,23,SFC-in-caeni-2,0.4-0.5,caenidae,1,2,,0.294,
TERRG-summer,16,invertebrate,C-4,28,EMC-in-caeni-1,0.4-0.5,caenidae,4,1,,0.161,
TERRG-summer,13,invertebrate,B-10,22,AR-in-calop-1,0.4-0.5,calopterygidae,1,1,,0.5,
TERRG-summer,13,invertebrate,B-11,23,AR-in-chiro-1,0.4-0.5,chironomidae,1,1,,0.044,
TERRG-summer,13,invertebrate,C-7,31,AR-in-chiro-1,0.4-0.5,chironomidae,1,1,,0.063,
TERRG-summer,14,invertebrate,A-6,6,SFC-in-chiro-1,0.4-0.5,chironomidae,1,1,,0.291,
TERRG-summer,14,invertebrate,D-10,46,GC-in-chiro-1,0.4-0.5,chironomidae,2,1,,0.411,
TERRG-summer,16,invertebrate,C-3,27,EMC-in-chiro-1,0.4-0.5,chironomidae,3,1,,0.436,
TERRG-summer,12,invertebrate,B-8,20,MR-in-tanyp-1,0.4-0.5,chironomidae,3,1,,0.364,
TERRG-summer,12,invertebrate,A-6,6,MR-in-coena-1,0.4-0.5,coenagrion,1,1,,0.481,
TERRG-summer,12,invertebrate,A-7,7,MR-in-coena-2,0.4-0.5,coenagrion,1,2,,0.468,
TERRG-summer,12,invertebrate,A-8,8,MR-in-coena-3,0.4-0.5,coenagrion,1,3,,0.44,
TERRG-summer,12,invertebrate,D-7,43,PLC-in-coena-1,0.4-0.5,coenagrion,1,1,,0.429,
TERRG-summer,12,invertebrate,D-8,44,PLC-in-coena-2,0.4-0.5,coenagrion,1,2,,0.431,
TERRG-summer,12,invertebrate,D-9,45,PLC-in-coena-3,0.4-0.5,coenagrion,1,3,,0.435,
TERRG-summer,13,invertebrate,B-2,14,AR-in-coena-1,0.4-0.5,coenagrionidae,1,1,,0.469,
TERRG-summer,13,invertebrate,B-3,15,AR-in-coena-2,0.4-0.5,coenagrionidae,1,2,,0.448,
TERRG-summer,13,invertebrate,B-4,16,AR-in-coena-3,0.4-0.5,coenagrionidae,1,3,,0.429,
TERRG-summer,14,invertebrate,D-11,47,GC-in-coena-1,0.4-0.5,coenagrionidae,1,1,,0.4,
TERRG-summer,15,invertebrate,C-4,28,PDC-in-coena-1,0.4-0.5,coenagrionidae,1,1,,0.426,
TERRG-summer,15,invertebrate,C-5,29,PDC-in-coena-2,0.4-0.5,coenagrionidae,1,2,,0.442,
TERRG-summer,15,invertebrate,C-6,30,PDC-in-coena-3,0.4-0.5,coenagrionidae,1,3,,0.43,
TERRG-summer,14,invertebrate,A-12,12,SFC-in-coena-1,0.4-0.5,coenagrionidae,1,1,,0.456,
TERRG-summer,14,invertebrate,B-1,13,SFC-in-coena-2,0.4-0.5,coenagrionidae,1,2,,0.473,
TERRG-summer,14,invertebrate,B-2,14,SFC-in-coena-3,0.4-0.5,coenagrionidae,1,3,,0.503,
TERRG-summer,15,invertebrate,D-8,44,TRC-in-coena-1,0.4-0.5,coenagrionidae,1,1,,0.415,
TERRG-summer,15,invertebrate,D-9,45,TRC-in-coena-2,0.4-0.5,coenagrionidae,1,2,,0.47,
TERRG-summer,15,invertebrate,D-10,46,TRC-in-coena-3,0.4-0.5,coenagrionidae,1,3,,0.49,
TERRG-summer,14,invertebrate,C-2,26,WMC-in-coena-1,0.4-0.5,coenagrionidae,1,1,,0.391,
TERRG-summer,14,invertebrate,C-3,27,WMC-in-coena-2,0.4-0.5,coenagrionidae,1,2,,0.481,
TERRG-summer,16,invertebrate,D-2,38,AR-in-corbi-1,0.4-0.5,corbicula,1,1,,0.414,
TERRG-summer,16,invertebrate,C-5,29,EMC-in-cordu-1,0.4-0.5,corduliidae,1,1,,0.45,
TERRG-summer,15,invertebrate,C-2,26,PDC-in-cordu-1,0.4-0.5,corduliidae,1,1,,0.493,
TERRG-summer,14,invertebrate,A-7,7,SFC-in-cordu-1,0.4-0.5,corduliidae,1,1,,0.413,
TERRG-summer,15,invertebrate,D-2,38,PDC-in-cramb-1,0.4-0.5,crambidae,1,1,,0.252,
TERRG-summer,12,invertebrate,B-4,16,MR-in-cyren-1,0.4-0.5,cyrenid,,1,,0.513,
TERRG-summer,16,invertebrate,D-3,39,EMC-in-cyren-1,0.4-0.5,cyrenidae,1,1,,0.477,
TERRG-summer,15,invertebrate,A-8,8,GC-in-cyren-1,0.4-0.5,cyrenidae,1,1,,0.406,
TERRG-summer,15,invertebrate,A-9,9,GC-in-cyren-2,0.4-0.5,cyrenidae,1,2,,0.486,
TERRG-summer,15,invertebrate,C-11,35,PDC-in-dysti-1,0.4-0.5,dysticidae,1,1,,0.463,
TERRG-summer,15,invertebrate,C-12,36,PDC-in-dysti-2,0.4-0.5,dysticidae,1,2,,0.499,
TERRG-summer,12,invertebrate,D-3,39,PLC-in-elmid-1,0.4-0.5,elmid,1,1,larva,0.155,
TERRG-summer,14,invertebrate,B-5,17,SFC-in-elmid-1,0.4-0.5,elmid,1,1,adult,0.41,
TERRG-summer,14,invertebrate,B-12,24,WMC-in-elmid-1,0.4-0.5,elmid,1,1,adult,0.423,
TERRG-summer,12,invertebrate,A-9,9,MR-in-elmid-1,0.4-0.5,elmid,2,1,adult,0.421,
TERRG-summer,12,invertebrate,A-10,10,MR-in-elmid-2,0.4-0.5,elmid,3,2,adult,0.465,
TERRG-summer,14,invertebrate,D-7,43,GC-in-erpob-1,0.4-0.5,erpobdellidae,1,1,,0.478,
TERRG-summer,14,invertebrate,D-8,44,GC-in-erpob-2,0.4-0.5,erpobdellidae,1,2,,0.474,
TERRG-summer,14,invertebrate,D-9,45,GC-in-erpob-3,0.4-0.5,erpobdellidae,1,3,,0.418,
TERRG-summer,13,invertebrate,A-6,6,PLC-in-erpob-1,0.4-0.5,erpobdellidae,1,1,,0.42,
TERRG-summer,13,invertebrate,A-7,7,PLC-in-erpob-2,0.4-0.5,erpobdellidae,1,2,,0.426,
TERRG-summer,14,invertebrate,B-10,22,SFC-in-erpob-1,0.4-0.5,erpobdellidae,1,1,,0.19,
TERRG-summer,15,invertebrate,D-11,47,TRC-in-gerri-1,0.4-0.5,gerridae,1,1,,0.415,
TERRG-summer,16,invertebrate,A-6,6,TRC-in-gerri-1,0.4-0.5,gerridae,1,1,,0.444,
TERRG-summer,13,invertebrate,C-8,32,AR-in-gomph-1,0.4-0.5,gomphidae,1,1,,0.469,
TERRG-summer,16,invertebrate,C-12,36,TRC-in-graps-1,0.4-0.5,grapsidae,1,1,,0.429,
TERRG-summer,16,invertebrate,D-1,37,TRC-in-graps-2,0.4-0.5,grapsidae,1,2,,0.436,
TERRG-summer,12,invertebrate,D-2,38,PLC-in-gyrin-1,0.4-0.5,gyrinid,1,1,larva,0.404,
TERRG-summer,15,invertebrate,C-8,32,PDC-in-halip-1,0.4-0.5,halipidae,1,1,,0.457,
TERRG-summer,12,invertebrate,C-12,36,PLC-in-hapli-1,0.4-0.5,haplipid,1,1,,0.469,
TERRG-summer,12,invertebrate,D-1,37,PLC-in-hapli-2,0.4-0.5,haplipid,1,2,,0.415,
TERRG-summer,15,invertebrate,D-6,42,TRC-in-hirvd-1,0.4-0.5,hirvdinidae,1,1,"""1/2""",0.43,
TERRG-summer,15,invertebrate,D-7,43,TRC-in-hirvd-2,0.4-0.5,hirvdinidae,1,2,"""2/2""",0.487,
TERRG-summer,13,invertebrate,A-10,10,AR-in-hyale-3,0.4-0.5,hyalella,1,3,,0.509,
TERRG-summer,16,invertebrate,B-11,23,EMC-in-hyale-1,0.4-0.5,hyalella,1,1,,0.478,
TERRG-summer,14,invertebrate,D-5,41,GC-in-hyale-2,0.4-0.5,hyalella,1,2,,0.409,
TERRG-summer,12,invertebrate,A-11,11,MR-in-Hyale-1,0.4-0.5,Hyalella,1,1,,0.466,
TERRG-summer,12,invertebrate,A-12,12,MR-in-Hyale-2,0.4-0.5,Hyalella,1,2,,0.451,
TERRG-summer,12,invertebrate,B-1,13,MR-in-Hyale-3,0.4-0.5,Hyalella,1,3,,0.508,
TERRG-summer,16,invertebrate,B-5,17,TRC-in-hyale-2,0.4-0.5,hyalella,1,2,,0.483,
TERRG-summer,16,invertebrate,B-7,19,TRC-in-hyale-3,0.4-0.5,hyalella,1,3,,0.474,
TERRG-summer,14,invertebrate,C-4,28,WMC-in-hyale-1,0.4-0.5,hyalella,1,1,,0.42,
TERRG-summer,14,invertebrate,C-5,29,WMC-in-hyale-2,0.4-0.5,hyalella,1,2,,0.475,
TERRG-summer,14,invertebrate,C-6,30,WMC-in-hyale-3,0.4-0.5,hyalella,1,3,,0.425,
TERRG-summer,13,invertebrate,A-9,9,AR-in-hyale-2,0.4-0.5,hyalella,2,2,,0.472,
TERRG-summer,16,invertebrate,B-12,24,EMC-in-hyale-2,0.4-0.5,hyalella,2,2,,0.478,
TERRG-summer,16,invertebrate,C-7,31,EMC-in-hyale-1,0.4-0.5,hyalella,2,1,,0.493,
TERRG-summer,16,invertebrate,C-8,32,EMC-in-hyale-2,0.4-0.5,hyalella,2,2,,0.434,
TERRG-summer,16,invertebrate,C-11,35,EMC-in-hyale-3,0.4-0.5,hyalella,2,3,,0.428,
TERRG-summer,14,invertebrate,D-4,40,GC-in-hyale-1,0.4-0.5,hyalella,2,1,,0.478,
TERRG-summer,14,invertebrate,D-6,42,GC-in-hyale-3,0.4-0.5,hyalella,2,3,,0.405,
TERRG-summer,14,invertebrate,B-3,15,SFC-in-hyale-1,0.4-0.5,hyalella,2,1,"""1/2""",0.515,
TERRG-summer,14,invertebrate,B-4,16,SFC-in-hyale-2,0.4-0.5,hyalella,2,2,"""2/2""",0.45,
TERRG-summer,16,invertebrate,B-4,16,TRC-in-hyale-1,0.4-0.5,hyalella,2,1,,0.421,
TERRG-summer,13,invertebrate,A-8,8,AR-in-hyale-1,0.4-0.5,hyalella,3,1,,0.447,
TERRG-summer,16,invertebrate,C-1,25,EMC-in-hyale-3,0.4-0.5,hyalella,3,3,,0.418,
TERRG-summer,12,invertebrate,C-1,25,PLC-in-hyale-1,0.4-0.5,hyalellid,1,1,,0.413,
TERRG-summer,12,invertebrate,C-2,26,PLC-in-hyale-2,0.4-0.5,hyalellid,1,2,,0.46,
TERRG-summer,12,invertebrate,C-3,27,PLC-in-hyale-3,0.4-0.5,hyalellid,2,3,,0.425,
TERRG-summer,16,invertebrate,B-2,14,TRC-in-hydro-2,0.4-0.5,hydrophilidae,1,2,,0.481,
TERRG-summer,16,invertebrate,B-1,13,TRC-in-hydro-1,0.4-0.5,hydrophilidae,2,1,,0.439,
TERRG-summer,15,invertebrate,A-11,11,GC-in-hydro-1,0.4-0.5,hydrophillidae,1,1,,0.156,
TERRG-summer,12,invertebrate,D-4,40,PLC-in-hydro-1,0.4-0.5,hydropsychid,1,1,larva,0.445,
TERRG-summer,12,invertebrate,D-5,41,PLC-in-hydro-2,0.4-0.5,hydropsychid,1,2,larva,0.513,
TERRG-summer,13,invertebrate,D-3,39,AR-in-hydro-1,0.4-0.5,hydropsychidae,1,1,,0.425,
TERRG-summer,13,invertebrate,D-4,40,AR-in-hydro-2,0.4-0.5,hydropsychidae,1,2,,0.532,
TERRG-summer,13,invertebrate,D-5,41,AR-in-hydro-3,0.4-0.5,hydropsychidae,1,3,,0.498,
TERRG-summer,14,invertebrate,A-8,8,SFC-in-hydro-1,0.4-0.5,hydropsychidae,1,1,,0.409,
TERRG-summer,14,invertebrate,A-9,9,SFC-in-hydro-2,0.4-0.5,hydropsychidae,1,2,,0.479,
TERRG-summer,14,invertebrate,A-10,10,SFC-in-hydro-3,0.4-0.5,hydropsychidae,1,3,,0.524,
TERRG-summer,13,invertebrate,D-1,37,AR-in-lepto-1,0.4-0.5,leptoceridae,1,1,,0.414,
TERRG-summer,13,invertebrate,D-2,38,AR-in-lepto-2,0.4-0.5,leptoceridae,1,2,,0.55,
TERRG-summer,12,invertebrate,D-10,46,PLC-in-lesti-1,0.4-0.5,lestidae,1,1,,0.497,
TERRG-summer,14,invertebrate,A-11,11,SFC-in-libel-1,0.4-0.5,libelimidae,1,1,,0.477,
TERRG-summer,12,invertebrate,B-11,23,PLC-in-libel-1,0.4-0.5,libellid,1,1,,0.596,
TERRG-summer,12,invertebrate,B-12,24,PLC-in-libel-2,0.4-0.5,libellid,1,2,,0.477,
TERRG-summer,15,invertebrate,B-11,23,PDC-in-libel-1,0.4-0.5,libellulidae,1,1,,0.408,
TERRG-summer,15,invertebrate,B-12,24,PDC-in-libel-2,0.4-0.5,libellulidae,1,2,,0.484,
TERRG-summer,15,invertebrate,C-1,25,PDC-in-libel-3,0.4-0.5,libellulidae,1,3,,0.41,
TERRG-summer,12,invertebrate,B-2,14,MR-in-mysid-1,0.4-0.5,mysid,2,1,,0.431,
TERRG-summer,12,invertebrate,B-3,15,MR-in-mysid-2,0.4-0.5,mysid,2,2,,0.434,
TERRG-summer,16,invertebrate,B-3,15,TRC-in-nauco-1,0.4-0.5,naucorid,1,1,,0.459,
TERRG-summer,12,invertebrate,B-10,22,PLC-in-nepid-1,0.4-0.5,nepid,1,1,,0.458,
TERRG-summer,13,invertebrate,D-8,44,SFC-in-Nepid-3,0.4-0.5,Nepidae,1,3,,0.45,
TERRG-summer,12,invertebrate,C-4,28,PLC-in-palae-1,0.4-0.5,palaemonid,1,1,,0.403,
TERRG-summer,12,invertebrate,C-5,29,PLC-in-palae-2,0.4-0.5,palaemonid,1,2,,0.421,
TERRG-summer,12,invertebrate,C-6,30,PLC-in-palae-3,0.4-0.5,palaemonid,1,3,,0.45,
TERRG-summer,14,invertebrate,C-12,36,WMC-in-palae-1,0.4-0.5,palaemonid,1,1,,0.444,
TERRG-summer,14,invertebrate,D-1,37,WMC-in-palae-2,0.4-0.5,palaemonid,1,2,,0.426,
TERRG-summer,14,invertebrate,D-2,38,WMC-in-palae-3,0.4-0.5,palaemonid,1,3,,0.483,
TERRG-summer,16,invertebrate,B-8,20,EMC-in-palae-1,0.4-0.5,palaemonidae,1,1,,0.456,
TERRG-summer,16,invertebrate,B-9,21,EMC-in-palae-2,0.4-0.5,palaemonidae,1,2,,0.413,
TERRG-summer,16,invertebrate,B-10,22,EMC-in-palae-3,0.4-0.5,palaemonidae,1,3,,0.434,
TERRG-summer,15,invertebrate,A-12,12,PDC-in-palae-1,0.4-0.5,palaemonidae,1,1,,0.48,
TERRG-summer,15,invertebrate,B-1,13,PDC-in-palae-2,0.4-0.5,palaemonidae,1,2,,0.491,
TERRG-summer,15,invertebrate,B-2,14,PDC-in-palae-3,0.4-0.5,palaemonidae,1,3,,0.477,
TERRG-summer,12,invertebrate,D-6,42,PLC-in-physi-1,0.4-0.5,physid,1,1,,0.529,
TERRG-summer,16,invertebrate,C-2,26,EMC-in-physi-1,0.4-0.5,physidae,1,1,,0.445,
TERRG-summer,15,invertebrate,B-5,17,PDC-in-physi-1,0.4-0.5,physidae,1,1,,0.476,
TERRG-summer,15,invertebrate,B-7,19,PDC-in-physi-2,0.4-0.5,physidae,1,2,,0.458,
TERRG-summer,16,invertebrate,A-10,10,TRC-in-physi-1,0.4-0.5,physidae,1,1,,0.43,
TERRG-summer,16,invertebrate,A-11,11,TRC-in-physi-2,0.4-0.5,physidae,1,2,,0.446,
TERRG-summer,16,invertebrate,A-12,12,TRC-in-physi-3,0.4-0.5,physidae,1,3,,0.413,
TERRG-summer,12,invertebrate,B-9,21,MR-in-plano-1,0.4-0.5,planorbid,1,1,,0.424,
TERRG-summer,12,invertebrate,C-7,31,PLC-in-plano-1,0.4-0.5,planorbid,1,1,,0.439,
TERRG-summer,12,invertebrate,C-8,32,PLC-in-plano-2,0.4-0.5,planorbid,1,2,,0.421,
TERRG-summer,12,invertebrate,C-11,35,PLC-in-plano-3,0.4-0.5,planorbid,1,3,,0.45,
TERRG-summer,16,invertebrate,C-6,30,EMC-in-plano-1,0.4-0.5,planorbidae,1,1,,0.423,
TERRG-summer,15,invertebrate,C-7,31,PDC-in-scirt-1,0.4-0.5,scirtidae,1,1,,0.35,
TERRG-summer,15,invertebrate,A-7,7,GC-in-scirt-2,0.4-0.5,scirtidae,2,2,,0.452,
TERRG-summer,15,invertebrate,A-6,6,GC-in-scirt-1,0.4-0.5,scirtidae,3,1,,0.442,
TERRG-summer,14,invertebrate,D-3,39,WMC-in-sphae-1,0.4-0.5,sphaeriidae,1,1,,0.561,
TERRG-summer,14,invertebrate,C-1,25,WMC-in-staph-1,0.4-0.5,staphylinidae,2,1,,0.241,
TERRG-summer,13,invertebrate,C-1,25,AR-in-stene-1,0.4-0.5,stenelmis,1,1,adult,0.517,
TERRG-summer,13,invertebrate,C-2,26,AR-in-stene-2,0.4-0.5,stenelmis,1,2,adult,0.462,
TERRG-summer,13,invertebrate,C-3,27,AR-in-stene-3,0.4-0.5,stenelmis,1,3,adult,0.519,
TERRG-summer,13,invertebrate,B-12,24,AR-in-stene-1,0.4-0.5,stenelmis,2,1,larva,0.523,
TERRG-summer,15,invertebrate,D-3,39,TRC-in-strat-1,0.4-0.5,stratiomyidae,1,1,,0.47,
TERRG-summer,15,invertebrate,D-4,40,TRC-in-strat-2,0.4-0.5,stratiomyidae,1,2,,0.472,
TERRG-summer,15,invertebrate,D-5,41,TRC-in-strat-3,0.4-0.5,stratiomyidae,1,3,,0.493,
TERRG-summer,15,invertebrate,D-1,37,PDC-in-tanyp-1,0.4-0.5,tanyponidae,1,1,,0.244,
TERRG-summer,13,invertebrate,D-9,45,SFC-in-Tanyp-1,0.4-0.5,Tanyponidae,1,1,,0.412,
TERRG-summer,13,invertebrate,D-10,46,SFC-in-Tanyp-2,0.4-0.5,Tanyponidae,1,2,,0.441,
TERRG-summer,13,invertebrate,D-11,47,SFC-in-Tanyp-3,0.4-0.5,Tanyponidae,1,3,,0.424,
TERRG-summer,13,invertebrate,C-4,28,AR-in-Thiar-1,0.4-0.5,Thiaridae,1,1,,0.412,
TERRG-summer,13,invertebrate,C-5,29,AR-in-Thiar-2,0.4-0.5,Thiaridae,1,2,,0.521,
TERRG-summer,13,invertebrate,C-6,30,AR-in-Thiar-3,0.4-0.5,Thiaridae,1,3,,0.488,
TERRG-summer,13,invertebrate,D-6,42,AR-in-Thiar-1,0.4-0.5,Thiaridae,1,1,"""1/2""",0.498,
TERRG-summer,13,invertebrate,D-7,43,AR-in-Thiar-2,0.4-0.5,Thiaridae,1,2,"""2/2""",0.496,
TERRG-summer,15,invertebrate,B-3,15,PDC-in-thiar-1,0.4-0.5,thiaridae,1,1,,0.41,
TERRG-summer,15,invertebrate,B-4,16,PDC-in-thiar-2,0.4-0.5,thiaridae,1,2,,0.437,
TERRG-summer,16,invertebrate,A-7,7,TRC-in-thiar-1,0.4-0.5,thiaridae,1,1,,0.444,
TERRG-summer,16,invertebrate,A-8,8,TRC-in-thiar-2,0.4-0.5,thiaridae,1,2,,0.441,
TERRG-summer,16,invertebrate,A-9,9,TRC-in-thiar-3,0.4-0.5,thiaridae,1,3,,0.431,
TERRG-summer,13,invertebrate,A-11,11,AR-in-velii-1,0.4-0.5,veliidae,1,1,,0.418,
TERRG-summer,13,invertebrate,A-12,12,AR-in-velii-2,0.4-0.5,veliidae,1,2,,0.434,
TERRG-summer,13,invertebrate,B-1,13,AR-in-velii-3,0.4-0.5,veliidae,1,3,,0.49,
TERRG-summer,14,invertebrate,B-7,19,SFC-in-velii-1,0.4-0.5,veliidae,1,1,,0.486,
TERRG-summer,14,invertebrate,B-8,20,SFC-in-velii-2,0.4-0.5,veliidae,1,2,,0.472,
TERRG-summer,14,invertebrate,B-9,21,SFC-in-velii-3,0.4-0.5,veliidae,1,3,,0.426,
TERRG-summer,14,invertebrate,C-7,31,WMC-in-velii-1,0.4-0.5,veliidae,1,1,,0.494,
TERRG-summer,14,invertebrate,C-8,32,WMC-in-velii-2,0.4-0.5,veliidae,1,2,,0.421,
TERRG-summer,14,invertebrate,C-11,35,WMC-in-velii-3,0.4-0.5,veliidae,1,3,,0.448,
TERRG-summer,15,invertebrate,B-8,20,PDC-in-velii-1,0.4-0.5,veliidae,2,1,,0.413,
TERRG-summer,15,invertebrate,B-9,21,PDC-in-velii-2,0.4-0.5,veliidae,2,2,,0.466,
TERRG-summer,15,invertebrate,B-10,22,PDC-in-velii-3,0.4-0.5,veliidae,2,3,,0.405,
TERRG-Summer,1,standard,A-5,5,bovine_liver,,bovine_liver,,,,,0.425
TERRG-Summer,1,standard,C-10,34,bovine_liver,,bovine_liver,,,,,0.452
TERRG-summer,8,standard,A-5,5,bovine_liver,,bovine_liver,,,,,0.409
TERRG-summer,8,standard,C-10,34,bovine_liver,,bovine_liver,,,,,0.57
TERRG-summer,2,standard,A-5,5,bovine_liver,0.4-0.6,bovine_liver,,,,0.405,
TERRG-summer,2,standard,C-10,34,bovine_liver,0.4-0.6,bovine_liver,,,,0.412,
TERRG-summer,3,standard,A-5,5,bovine_liver,0.4-0.6,bovine_liver,,,,0.447,
TERRG-summer,3,standard,C-10,34,bovine_liver,0.4-0.6,bovine_liver,,,,0.533,
TERRG-summer,4,standard,A-5,5,bovine_liver,0.4-0.6,bovine_liver,,,,0.473,
TERRG-summer,4,standard,C-10,34,bovine_liver,0.4-0.6,bovine_liver,,,,0.619,
TERRG-summer,5,standard,A-5,5,bovine_liver,0.4-0.6,bovine_liver,,,,0.498,
TERRG-summer,5,standard,C-10,34,bovine_liver,0.4-0.6,bovine_liver,,,,0.456,
TERRG-summer,6,standard,A-5,5,bovine_liver,0.4-0.6,bovine_liver,,,,0.597,
TERRG-summer,6,standard,C-10,34,bovine_liver,0.4-0.6,bovine_liver,,,,0.596,
TERRG-summer,7,standard,A-5,5,bovine_liver,0.4-0.6,bovine_liver,,,,0.447,
TERRG-summer,7,standard,C-10,34,bovine_liver,0.4-0.6,bovine_liver,,,,0.562,
TERRG-summer,9,standard,A-5,5,bovine_liver,0.4-0.6,bovine_liver,,,,0.602,
TERRG-summer,9,standard,C-10,34,bovine_liver,0.4-0.6,bovine_liver,,,,0.413,
TERRG-summer,12,standard,C-10,34,bovine_liver,0.4-0.6,bovine_liver,,,,0.568,
TERRG-summer,13,standard,C-10,34,bovine_liver,0.4-0.6,bovine_liver,,,,0.483,
TERRG-summer,14,standard,C-10,34,bovine_liver,0.4-0.6,bovine_liver,,,,0.456,
TERRG-summer,15,standard,C-10,34,bovine_liver,0.4-0.6,bovine_liver,,,,0.45,
TERRG-summer,16,standard,C-10,34,bovine_liver,0.4-0.6,bovine_liver,,,,0.525,
TERRG-summer,12,standard,A-5,5,chitin_crabshell,0.6-0.8,chitin_crabshell,,,,0.764,
TERRG-summer,13,standard,A-5,5,chitin_crabshell,0.6-0.8,chitin_crabshell,,,,0.636,
TERRG-summer,14,standard,A-5,5,chitin_crabshell,0.6-0.8,chitin_crabshell,,,,0.725,
TERRG-summer,15,standard,A-5,5,chitin_crabshell,0.6-0.8,chitin_crabshell,,,,0.646,
TERRG-summer,16,standard,A-5,5,chitin_crabshell,0.6-0.8,chitin_crabshell,,,,0.69,
TERRG-summer,10,standard,C-10,34,sorghum_flour,2.7-2.9,sorghum_flour,,,,2.725,
TERRG-summer,12,standard,D-11,47,PLC-USGS40,0.6-0.8,USGS40,,,,0.763,
TERRG-Summer,1,standard,A-1,1,USGS40,,USGS40,,,,,0.463
TERRG-Summer,1,standard,A-2,2,USGS40,,USGS40,,,,,0.608
TERRG-Summer,1,standard,A-3,3,USGS40,,USGS40,,,,,0.803
TERRG-Summer,1,standard,B-6,18,USGS40,,USGS40,,,,,0.508
TERRG-Summer,1,standard,C-9,33,USGS40,,USGS40,,,,,0.525
TERRG-Summer,1,standard,D-12,48,USGS40,,USGS40,,,,,0.752
TERRG-summer,8,standard,A-1,1,USGS40,,USGS40,,,,,0.501
TERRG-summer,8,standard,A-2,2,USGS40,,USGS40,,,,,0.574
TERRG-summer,8,standard,A-3,3,USGS40,,USGS40,,,,,0.625
TERRG-summer,8,standard,B-6,18,USGS40,,USGS40,,,,,0.401
TERRG-summer,8,standard,C-9,33,USGS40,,USGS40,,,,,0.596
TERRG-summer,8,standard,C-12,36,USGS40,,USGS40,,,,,0.676
TERRG-summer,2,standard,A-1,1,USGS40,0.4-0.5,USGS40,,,,0.439,
TERRG-summer,2,standard,A-2,2,USGS40,0.5-.0.6,USGS40,,,,0.575,
TERRG-summer,2,standard,A-3,3,USGS40,0.6-0.8,USGS40,,,,0.6,
TERRG-summer,2,standard,B-6,18,USGS40,0.4-0.5,USGS40,,,,0.467,
TERRG-summer,2,standard,C-9,33,USGS40,0.5-.0.6,USGS40,,,,0.541,
TERRG-summer,2,standard,D-12,48,USGS40,0.6-0.8,USGS40,,,,0.668,
TERRG-summer,3,standard,A-1,1,USGS40,0.4-0.5,USGS40,,,,0.442,
TERRG-summer,3,standard,A-2,2,USGS40,0.5-.0.6,USGS40,,,,0.569,
TERRG-summer,3,standard,A-3,3,USGS40,0.6-0.8,USGS40,,,,0.786,
TERRG-summer,3,standard,B-6,18,USGS40,0.4-0.5,USGS40,,,,0.406,
TERRG-summer,3,standard,C-9,33,USGS40,0.5-.0.6,USGS40,,,,0.511,
TERRG-summer,3,standard,D-12,48,USGS40,0.6-0.8,USGS40,,,,0.735,
TERRG-summer,4,standard,A-1,1,USGS40,0.4-0.5,USGS40,,,,0.484,
TERRG-summer,4,standard,A-2,2,USGS40,0.5-.0.6,USGS40,,,,0.595,
TERRG-summer,4,standard,A-3,3,USGS40,0.6-0.8,USGS40,,,,0.641,
TERRG-summer,4,standard,B-6,18,USGS40,0.4-0.5,USGS40,,,,0.485,
TERRG-summer,4,standard,C-9,33,USGS40,0.5-.0.6,USGS40,,,,0.561,
TERRG-summer,4,standard,D-12,48,USGS40,0.6-0.8,USGS40,,,,0.674,
TERRG-summer,5,standard,A-1,1,USGS40,0.4-0.5,USGS40,,,,0.457,
TERRG-summer,5,standard,A-2,2,USGS40,0.5-.0.6,USGS40,,,,0.548,
TERRG-summer,5,standard,A-3,3,USGS40,0.6-0.8,USGS40,,,,0.721,
TERRG-summer,5,standard,B-6,18,USGS40,0.4-0.5,USGS40,,,,0.439,
TERRG-summer,5,standard,C-9,33,USGS40,0.5-.0.6,USGS40,,,,0.515,
TERRG-summer,5,standard,D-12,48,USGS40,0.6-0.8,USGS40,,,,0.711,
TERRG-summer,6,standard,A-1,1,USGS40,0.4-0.5,USGS40,,,,0.448,
TERRG-summer,6,standard,A-2,2,USGS40,0.5-.0.6,USGS40,,,,0.539,
TERRG-summer,6,standard,A-3,3,USGS40,0.6-0.8,USGS40,,,,0.68,
TERRG-summer,6,standard,B-6,18,USGS40,0.4-0.5,USGS40,,,,0.407,
TERRG-summer,6,standard,C-9,33,USGS40,0.5-.0.6,USGS40,,,,0.557,
TERRG-summer,6,standard,D-12,48,USGS40,0.6-0.8,USGS40,,,,0.633,
TERRG-summer,7,standard,A-1,1,USGS40,0.4-0.5,USGS40,,,,0.434,
TERRG-summer,7,standard,A-2,2,USGS40,0.5-.0.6,USGS40,,,,0.523,
TERRG-summer,7,standard,A-3,3,USGS40,0.6-0.8,USGS40,,,,0.614,
TERRG-summer,7,standard,B-6,18,USGS40,0.4-0.5,USGS40,,,,0.509,
TERRG-summer,7,standard,C-9,33,USGS40,0.5-.0.6,USGS40,,,,0.551,
TERRG-summer,7,standard,D-12,48,USGS40,0.6-0.8,USGS40,,,,0.629,
TERRG-summer,9,standard,A-1,1,USGS40,0.4-0.5,USGS40,,,,0.43,
TERRG-summer,9,standard,A-2,2,USGS40,0.5-.0.6,USGS40,,,,0.557,
TERRG-summer,9,standard,A-3,3,USGS40,0.6-0.8,USGS40,,,,0.639,
TERRG-summer,9,standard,B-6,18,USGS40,0.4-0.5,USGS40,,,,0.458,
TERRG-summer,9,standard,C-9,33,USGS40,0.5-.0.6,USGS40,,,,0.56,
TERRG-summer,9,standard,D-12,48,USGS40,0.6-0.8,USGS40,,,,0.789,
TERRG-summer,10,standard,A-1,1,USGS40,0.4-0.5,USGS40,,,,0.438,
TERRG-summer,10,standard,A-2,2,USGS40,0.5-.0.6,USGS40,,,,0.515,
TERRG-summer,10,standard,A-3,3,USGS40,0.6-0.8,USGS40,,,,0.63,
TERRG-summer,10,standard,B-6,18,USGS40,0.4-0.5,USGS40,,,,0.444,
TERRG-summer,10,standard,C-9,33,USGS40,0.5-.0.6,USGS40,,,,0.565,
TERRG-summer,10,standard,C-12,36,USGS40,0.6-0.8,USGS40,,,,0.606,
TERRG-summer,11,standard,A-1,1,USGS40,0.4-0.5,USGS40,,,,0.448,
TERRG-summer,11,standard,A-2,2,USGS40,0.5-.0.6,USGS40,,,,0.507,
TERRG-summer,11,standard,A-3,3,USGS40,0.6-0.8,USGS40,,,,0.685,
TERRG-summer,11,standard,B-6,18,USGS40,0.4-0.5,USGS40,,,,0.451,
TERRG-summer,11,standard,C-8,32,USGS40,0.6-0.8,USGS40,,,,0.688,
TERRG-summer,12,standard,A-1,1,USGS40,0.4-0.5,USGS40,,,,0.422,
TERRG-summer,12,standard,A-2,2,USGS40,0.5-.0.6,USGS40,,,,0.594,
TERRG-summer,12,standard,A-3,3,USGS40,0.6-0.8,USGS40,,,,0.737,
TERRG-summer,12,standard,B-6,18,USGS40,0.4-0.5,USGS40,,,,0.414,
TERRG-summer,12,standard,C-9,33,USGS40,0.5-.0.6,USGS40,,,,0.528,
TERRG-summer,13,standard,A-1,1,USGS40,0.4-0.5,USGS40,,,,0.412,
TERRG-summer,13,standard,A-2,2,USGS40,0.5-.0.6,USGS40,,,,0.512,
TERRG-summer,13,standard,A-3,3,USGS40,0.6-0.8,USGS40,,,,0.676,
TERRG-summer,13,standard,B-6,18,USGS40,0.4-0.5,USGS40,,,,0.405,
TERRG-summer,13,standard,C-9,33,USGS40,0.5-.0.6,USGS40,,,,0.522,
TERRG-summer,13,standard,D-12,48,USGS40,0.6-0.8,USGS40,,,,0.642,
TERRG-summer,14,standard,A-1,1,USGS40,0.4-0.5,USGS40,,,,0.442,
TERRG-summer,14,standard,A-2,2,USGS40,0.5-.0.6,USGS40,,,,0.586,
TERRG-summer,14,standard,A-3,3,USGS40,0.6-0.8,USGS40,,,,0.663,
TERRG-summer,14,standard,B-6,18,USGS40,0.4-0.5,USGS40,,,,0.424,
TERRG-summer,14,standard,C-9,33,USGS40,0.5-.0.6,USGS40,,,,0.594,
TERRG-summer,14,standard,D-12,48,USGS40,0.6-0.8,USGS40,,,,0.629,
TERRG-summer,15,standard,A-1,1,USGS40,0.4-0.5,USGS40,,,,0.451,
TERRG-summer,15,standard,A-2,2,USGS40,0.5-.0.6,USGS40,,,,0.577,
TERRG-summer,15,standard,A-3,3,USGS40,0.6-0.8,USGS40,,,,0.707,
TERRG-summer,15,standard,B-6,18,USGS40,0.4-0.5,USGS40,,,,0.44,
TERRG-summer,15,standard,C-9,33,USGS40,0.5-.0.6,USGS40,,,,0.542,
TERRG-summer,15,standard,D-12,48,USGS40,0.6-0.8,USGS40,,,,0.658,
TERRG-summer,16,standard,A-1,1,USGS40,0.4-0.5,USGS40,,,,0.425,
TERRG-summer,16,standard,A-2,2,USGS40,0.5-.0.6,USGS40,,,,0.57,
TERRG-summer,16,standard,A-3,3,USGS40,0.6-0.8,USGS40,,,,0.668,
TERRG-summer,16,standard,B-6,18,USGS40,0.4-0.5,USGS40,,,,0.454,
TERRG-summer,16,standard,C-9,33,USGS40,0.5-.0.6,USGS40,,,,0.541,
TERRG-summer,16,standard,D-4,40,USGS40,0.6-0.8,USGS40,,,,0.638,
TERRG-Summer,1,standard,A-4,4,USGS41a,,USGS41a,,,,,0.407
TERRG-Summer,1,standard,E-1,49,USGS41a,,USGS41a,,,,,0.556
TERRG-summer,8,standard,A-4,4,USGS41a,,USGS41a,,,,,0.44
TERRG-summer,8,standard,D-1,37,USGS41a,,USGS41a,,,,,0.437
TERRG-summer,2,standard,A-4,4,USGS41a,0.4-0.55,USGS41a,,,,0.414,
TERRG-summer,2,standard,E-1,49,USGS41a,0.4-0.8,USGS41a,,,,0.613,
TERRG-summer,3,standard,A-4,4,USGS41a,0.4-0.55,USGS41a,,,,0.485,
TERRG-summer,3,standard,E-1,49,USGS41a,0.4-0.8,USGS41a,,,,0.643,
TERRG-summer,4,standard,A-4,4,USGS41a,0.4-0.55,USGS41a,,,,0.458,
TERRG-summer,4,standard,E-1,49,USGS41a,0.4-0.8,USGS41a,,,,0.483,
TERRG-summer,5,standard,A-4,4,USGS41a,0.4-0.55,USGS41a,,,,0.494,
TERRG-summer,5,standard,E-1,49,USGS41a,0.4-0.8,USGS41a,,,,0.413,
TERRG-summer,6,standard,A-4,4,USGS41a,0.4-0.55,USGS41a,,,,0.435,
TERRG-summer,6,standard,E-1,49,USGS41a,0.4-0.8,USGS41a,,,,0.442,
TERRG-summer,7,standard,A-4,4,USGS41a,0.4-0.55,USGS41a,,,,0.485,
TERRG-summer,7,standard,E-1,49,USGS41a,0.4-0.8,USGS41a,,,,0.446,
TERRG-summer,9,standard,A-4,4,USGS41a,0.4-0.55,USGS41a,,,,0.438,
TERRG-summer,9,standard,E-1,49,USGS41a,0.4-0.8,USGS41a,,,,0.582,
TERRG-summer,10,standard,A-4,4,USGS41a,0.4-0.55,USGS41a,,,,0.497,
TERRG-summer,10,standard,D-1,37,USGS41a,0.4-0.8,USGS41a,,,,0.432,
TERRG-summer,11,standard,A-4,4,USGS41a,0.4-0.55,USGS41a,,,,0.49,
TERRG-summer,11,standard,C-9,33,USGS41a,0.4-0.8,USGS41a,,,,0.509,
TERRG-summer,12,standard,A-4,4,USGS41a,0.4-0.55,USGS41a,,,,0.466,
TERRG-summer,12,standard,D-12,48,USGS41a,0.4-0.8,USGS41a,,,,0.469,
TERRG-summer,13,standard,A-4,4,USGS41a,0.4-0.55,USGS41a,,,,0.453,
TERRG-summer,13,standard,E-1,49,USGS41a,0.4-0.8,USGS41a,,,,0.627,
TERRG-summer,14,standard,A-4,4,USGS41a,0.4-0.55,USGS41a,,,,0.484,
TERRG-summer,14,standard,E-1,49,USGS41a,0.4-0.8,USGS41a,,,,0.614,
TERRG-summer,15,standard,A-4,4,USGS41a,0.4-0.55,USGS41a,,,,0.47,
TERRG-summer,15,standard,E-1,49,USGS41a,0.4-0.8,USGS41a,,,,,
TERRG-summer,16,standard,A-4,4,USGS41a,0.4-0.55,USGS41a,,,,,
TERRG-summer,16,standard,D-5,41,USGS41a,0.4-0.8,USGS41a,,,,,
TERRG-summer,10,standard,A-5,5,wheat_flour,2.9-3.1,wheat_flour,,,,3.049,
TERRG-summer,11,standard,A-5,5,wheat_flour,2.9-3.1,wheat_flour,,,,3.051,
TERRG-summer,11,Detritus,B-5,17,AR-Tv-CPOM-1,1.5-1.7,CPOM,,1,"""1/2""",1.526,
TERRG-summer,11,Detritus,B-7,19,AR-Tv-CPOM-2,1.5-1.7,CPOM,,2,"""2/2""",1.626,
TERRG-summer,11,Detritus,C-4,28,EMC-Tv-CPOM-1,1.5-1.7,CPOM,,1,"""1/2""",1.593,
TERRG-summer,11,Detritus,C-5,29,EMC-Tv-CPOM-2,1.5-1.7,CPOM,,2,"""2/2""",1.533,
TERRG-summer,11,Detritus,B-12,24,GC-Tv-CPOM-1,1.5-1.7,CPOM,,1,"""1/2""",1.517,
TERRG-summer,11,Detritus,C-1,25,GC-Tv-CPOM-2,1.5-1.7,CPOM,,2,"""2/2""",1.542,
TERRG-summer,11,Detritus,B-8,20,MR-Tv-CPOM-1,1.5-1.7,CPOM,,1,"""1/2""",1.534,
TERRG-summer,11,Detritus,B-9,21,MR-Tv-CPOM-2,1.5-1.7,CPOM,,2,"""2/2""",1.602,
TERRG-summer,11,Detritus,B-10,22,PLC-Tv-CPOM-1,1.5-1.7,CPOM,,1,"""1/2""",1.575,
TERRG-summer,11,Detritus,B-11,23,PLC-Tv-CPOM-2,1.5-1.7,CPOM,,2,"""2/2""",1.601,
TERRG-summer,11,Detritus,B-3,15,SFC-Tv-CPOM-1,1.5-1.7,CPOM,,1,"""1/2""",1.665,
TERRG-summer,11,Detritus,B-4,16,SFC-Tv-CPOM-2,1.5-1.7,CPOM,,2,"""2/2""",1.531,
TERRG-summer,11,Detritus,B-2,14,TRC-Tv-CPOM-1,1.5-1.7,CPOM,,1,,1.557,
TERRG-summer,11,Detritus,C-2,26,WMC-Tv-CPOM-1,1.5-1.7,CPOM,,1,"""1/2""",1.681,
TERRG-summer,11,Detritus,C-3,27,WMC-Tv-CPOM-2,1.5-1.7,CPOM,,2,"""2/2""",1.686,
TERRG-summer,11,Tveg,A-7,7,AR-Tv-grass-1,2.5-2.6,grass,,1,Terr. Veg,2.537,
TERRG-summer,11,Tveg,B-1,13,EMC-Tv-grass-1,2.5-2.6,grass,,1,Terr. Veg,2.559,
TERRG-summer,11,Tveg,A-11,11,GC-Tv-grass-1,2.5-2.6,grass,,1,Terr. Veg,2.598,
TERRG-summer,11,Tveg,A-8,8,MR-Tv-grass-1,2.5-2.6,grass,,1,Terr. Veg,2.589,
TERRG-summer,11,Tveg,A-9,9,PDC-Tv-grass-1,2.5-2.6,grass,,1,Terr. Veg,2.575,
TERRG-summer,11,Tveg,A-6,6,SFC-Tv-grass-1,2.5-2.6,grass,,1,Terr. Veg,2.539,
TERRG-summer,11,Tveg,A-12,12,WMC-Tv-grass-1,2.5-2.6,grass,,1,Terr. Veg,2.554,
TERRG-summer,11,Tveg,A-10,10,PLC-Tv-leave-1,1.8-1.9,leaves,,1,"Pecan,cyrpis,oak",1.88,
TERRG-summer,11,Tveg,C-7,31,sorghum_flour,2.7-2.9,sorghum_flour,,,,2.766,
TERRG-summer,11,Tveg,C-6,30,USGS40,0.5-.0.6,USGS40,,,,0.603,
